frame, face_id, timestamp, confidence, success, AU01_r, AU02_r, AU04_r, AU05_r, AU06_r, AU07_r, AU09_r, AU10_r, AU12_r, AU14_r, AU15_r, AU17_r, AU20_r, AU25_r, AU26_r, AU45_r, AU01_c, AU02_c, AU04_c, AU05_c, AU06_c, AU07_c, AU10_c, AU12_c, AU14_c, AU15_c, AU17_c, AU20_c, AU23_c, AU25_c, AU26_c, AU28_c, AU45_c, AU09_c, AU23_r,s_confidence,fac_hapintsoft,fac_sadintsoft,fac_surintsoft,fac_feaintsoft,fac_angintsoft,fac_disintsoft,fac_conintsoft,fac_negintsoft,fac_posintsoft,neu_exp,cai_exp,fac_comintsoft,fac_happres,fac_sadpres,fac_surpres,fac_feapres,fac_angpres,fac_dispres,fac_conpres,fac_hapinthard,fac_sadinthard,fac_surinthard,fac_feainthard,fac_anginthard,fac_disinthard,fac_coninthard,fac_neginthard,fac_posinthard,neu_exp_full,cai_exp_full,fac_cominthard,fac_happsuprinthard,fac_happsuprintsoft,error_reason,dbm_master_url
1,0,0.0,0.98,1,0.0,0.0,0.0,0.0,1.05,2.5,0.0,1.17,1.0,0.84,0.0,0.21,0.0,0.0,0.56,0.0,0.0,0.0,0.0,0.0,1.0,1.0,1.0,1.0,1.0,0.0,0.0,0.0,0.0,0.0,0.0,0.0,0.0,0.0,0.0,0.9800000000000001,0.1708333333333333,0.0,0.0,0.4166666666666667,0.4166666666666667,0.0,0.15333333333333332,0.19733333333333333,0.1708333333333333,0.0,0.7408333333333333,0.16535714285714284,1,0,0,0,0,0,1,0.1708333333333333,0,0,0,0,0,0.15333333333333332,0.030666666666666665,0.1708333333333333,0,0.3241666666666666,0.0463095238095238,0,0.16666666666666666,Pass,/app/raw_data/subj01_timepoint02.mp4
2,0,0.033,0.98,1,0.0,0.0,0.0,0.0,0.94,2.57,0.0,1.22,0.98,1.03,0.0,0.26,0.0,0.0,0.37,0.0,0.0,0.0,0.0,0.0,1.0,1.0,1.0,1.0,1.0,0.0,0.0,0.0,0.0,0.0,0.0,0.0,0.0,0.0,0.07,0.9800000000000001,0.16,0.0,0.0,0.4283333333333333,0.4283333333333333,0.0,0.16749999999999998,0.20483333333333328,0.16,0.0,0.7558333333333332,0.16916666666666666,1,0,0,0,0,0,1,0.16,0,0,0,0,0,0.16749999999999998,0.033499999999999995,0.16,0,0.3275,0.046785714285714285,0,0.16333333333333333,Pass,/app/raw_data/subj01_timepoint02.mp4
3,0,0.067,0.98,1,0.0,0.0,0.0,0.03,0.9,2.58,0.0,1.2,0.94,1.11,0.0,0.32,0.0,0.0,0.24,0.0,0.0,0.0,0.0,0.0,1.0,1.0,1.0,1.0,1.0,0.0,0.0,0.0,0.0,0.0,0.0,0.0,0.0,0.0,0.07,0.9800000000000001,0.15333333333333332,0.0,0.0,0.43,0.43,0.0,0.1708333333333333,0.20616666666666666,0.15333333333333332,0.0,0.7541666666666665,0.16916666666666666,1,0,0,0,0,0,1,0.15333333333333332,0,0,0,0,0,0.1708333333333333,0.034166666666666665,0.15333333333333332,0,0.3241666666666666,0.0463095238095238,0,0.15666666666666665,Pass,/app/raw_data/subj01_timepoint02.mp4
4,0,0.1,0.98,1,0.0,0.0,0.0,0.03,0.9,2.47,0.0,1.19,0.94,1.1,0.0,0.38,0.0,0.0,0.19,0.0,0.0,0.0,0.0,0.0,1.0,1.0,1.0,1.0,1.0,0.0,0.0,0.0,0.0,0.0,0.0,0.0,0.0,0.0,0.05,0.9800000000000001,0.15333333333333332,0.0,0.0,0.4116666666666667,0.4116666666666667,0.0,0.17,0.19866666666666669,0.15333333333333332,0.0,0.735,0.1638095238095238,1,0,0,0,0,0,1,0.15333333333333332,0,0,0,0,0,0.17,0.034,0.15333333333333332,0,0.32333333333333336,0.04619047619047619,0,0.15666666666666665,Pass,/app/raw_data/subj01_timepoint02.mp4
5,0,0.133,0.98,1,0.0,0.0,0.0,0.03,0.93,2.42,0.0,1.15,0.92,1.06,0.0,0.46,0.0,0.01,0.15,0.0,0.0,0.0,0.0,0.0,1.0,1.0,1.0,1.0,1.0,0.0,0.0,0.0,0.0,0.0,0.0,0.0,0.0,0.0,0.0,0.9800000000000001,0.15416666666666667,0.0,0.0,0.4033333333333333,0.4033333333333333,0.0,0.165,0.19433333333333333,0.15416666666666667,0.0,0.7225,0.16083333333333333,1,0,0,0,0,0,1,0.15416666666666667,0,0,0,0,0,0.165,0.033,0.15416666666666667,0,0.3191666666666667,0.0455952380952381,0,0.15333333333333335,Pass,/app/raw_data/subj01_timepoint02.mp4
6,0,0.16699999999999998,0.98,1,0.0,0.0,0.0,0.0,0.92,2.32,0.0,1.16,0.95,1.04,0.0,0.48,0.0,0.01,0.12,0.0,0.0,0.0,0.0,0.0,1.0,1.0,1.0,1.0,1.0,0.0,0.0,0.0,0.0,0.0,0.0,0.0,0.0,0.0,0.0,0.9800000000000001,0.15583333333333335,0.0,0.0,0.38666666666666666,0.38666666666666666,0.0,0.16583333333333333,0.18783333333333335,0.15583333333333335,0.0,0.7083333333333333,0.15642857142857142,1,0,0,0,0,0,1,0.15583333333333335,0,0,0,0,0,0.16583333333333333,0.033166666666666664,0.15583333333333335,0,0.32166666666666666,0.04595238095238095,0,0.15833333333333333,Pass,/app/raw_data/subj01_timepoint02.mp4
7,0,0.2,0.98,1,0.0,0.0,0.0,0.0,0.89,2.33,0.0,1.1,0.95,1.08,0.0,0.51,0.0,0.04,0.06,0.0,0.0,0.0,0.0,0.0,1.0,1.0,1.0,1.0,1.0,0.0,0.0,0.0,0.0,0.0,0.0,0.0,0.0,0.0,0.0,0.9800000000000001,0.15333333333333332,0.0,0.0,0.38833333333333336,0.38833333333333336,0.0,0.1691666666666667,0.18916666666666668,0.15333333333333332,0.0,0.7108333333333334,0.15702380952380954,1,0,0,0,0,0,1,0.15333333333333332,0,0,0,0,0,0.1691666666666667,0.03383333333333334,0.15333333333333332,0,0.3225,0.046071428571428576,0,0.15833333333333333,Pass,/app/raw_data/subj01_timepoint02.mp4
8,0,0.233,0.98,1,0.0,0.0,0.0,0.0,0.92,2.39,0.0,1.08,0.98,1.09,0.0,0.4,0.0,0.15,0.04,0.0,0.0,0.0,0.0,0.0,1.0,1.0,1.0,1.0,1.0,0.0,0.0,0.0,0.0,0.0,0.0,0.0,0.0,0.0,0.0,0.9800000000000001,0.15833333333333333,0.0,0.0,0.3983333333333334,0.3983333333333334,0.0,0.17250000000000001,0.19383333333333336,0.15833333333333333,0.0,0.7291666666666666,0.1610714285714286,1,0,0,0,0,0,1,0.15833333333333333,0,0,0,0,0,0.17250000000000001,0.0345,0.15833333333333333,0,0.3308333333333333,0.04726190476190476,0,0.16333333333333333,Pass,/app/raw_data/subj01_timepoint02.mp4
9,0,0.267,0.98,1,0.0,0.0,0.0,0.0,0.92,2.59,0.0,1.05,0.95,1.11,0.0,0.36,0.0,0.18,0.02,0.0,0.0,0.0,0.0,0.0,1.0,1.0,1.0,1.0,1.0,0.0,0.0,0.0,0.0,0.0,0.0,0.0,0.0,0.0,0.0,0.9800000000000001,0.15583333333333335,0.0,0.0,0.43166666666666664,0.43166666666666664,0.0,0.17166666666666666,0.207,0.15583333333333335,0.0,0.7591666666666667,0.1701190476190476,1,0,0,0,0,0,1,0.15583333333333335,0,0,0,0,0,0.17166666666666666,0.034333333333333334,0.15583333333333335,0,0.3275,0.046785714285714285,0,0.15833333333333333,Pass,/app/raw_data/subj01_timepoint02.mp4
10,0,0.3,0.98,1,0.0,0.0,0.0,0.0,0.91,2.72,0.0,1.03,0.92,1.12,0.0,0.31,0.0,0.2,0.02,0.0,0.0,0.0,0.0,0.0,1.0,1.0,1.0,1.0,1.0,0.0,0.0,0.0,0.0,0.0,0.0,0.0,0.0,0.0,0.0,0.9800000000000001,0.1525,0.0,0.0,0.45333333333333337,0.45333333333333337,0.0,0.17,0.21533333333333332,0.1525,0.0,0.7758333333333334,0.17559523809523808,1,0,0,0,0,0,1,0.1525,0,0,0,0,0,0.17,0.034,0.1525,0,0.3225,0.046071428571428576,0,0.15333333333333335,Pass,/app/raw_data/subj01_timepoint02.mp4
11,0,0.33299999999999996,0.98,1,0.0,0.0,0.0,0.0,0.87,2.69,0.0,1.07,0.89,1.12,0.0,0.29,0.0,0.14,0.06,0.0,0.0,0.0,0.0,0.0,1.0,1.0,1.0,1.0,1.0,0.0,0.0,0.0,0.0,0.0,0.0,0.0,0.0,0.0,0.02,0.9800000000000001,0.14666666666666667,0.0,0.0,0.4483333333333333,0.4483333333333333,0.0,0.1675,0.21283333333333335,0.14666666666666667,0.0,0.7625,0.17297619047619045,1,0,0,0,0,0,1,0.14666666666666667,0,0,0,0,0,0.1675,0.0335,0.14666666666666667,0,0.3141666666666667,0.04488095238095239,0,0.14833333333333334,Pass,/app/raw_data/subj01_timepoint02.mp4
12,0,0.36700000000000005,0.98,1,0.0,0.0,0.0,0.0,0.86,2.61,0.0,1.08,0.9,1.1,0.0,0.31,0.06,0.15,0.13,0.0,0.0,0.0,0.0,0.0,1.0,1.0,1.0,1.0,1.0,0.0,0.0,0.0,0.0,0.0,0.0,0.0,0.0,0.0,0.02,0.9800000000000001,0.14666666666666667,0.0,0.0,0.435,0.435,0.0,0.16666666666666666,0.20733333333333331,0.14666666666666667,0.0,0.7483333333333333,0.16904761904761906,1,0,0,0,0,0,1,0.14666666666666667,0,0,0,0,0,0.16666666666666666,0.03333333333333333,0.14666666666666667,0,0.31333333333333335,0.04476190476190477,0,0.15,Pass,/app/raw_data/subj01_timepoint02.mp4
13,0,0.4,0.98,1,0.0,0.0,0.0,0.0,0.9,2.42,0.0,1.07,0.9,1.08,0.02,0.35,0.06,0.1,0.15,0.0,0.0,0.0,0.0,0.0,1.0,1.0,1.0,1.0,1.0,0.0,0.0,0.0,0.0,0.0,0.0,0.0,0.0,0.0,0.06,0.9800000000000001,0.15,0.0,0.0,0.4033333333333333,0.4033333333333333,0.0,0.165,0.19433333333333333,0.15,0.0,0.7183333333333334,0.16023809523809524,1,0,0,0,0,0,1,0.15,0,0,0,0,0,0.165,0.033,0.15,0,0.315,0.045,0,0.15,Pass,/app/raw_data/subj01_timepoint02.mp4
14,0,0.433,0.98,1,0.0,0.0,0.0,0.0,0.91,2.31,0.0,1.03,0.89,1.03,0.02,0.39,0.06,0.14,0.23,0.0,0.0,0.0,0.0,0.0,1.0,1.0,1.0,1.0,1.0,0.0,0.0,0.0,0.0,0.0,0.0,0.0,0.0,0.0,0.05,0.9800000000000001,0.15,0.0,0.0,0.385,0.385,0.0,0.16,0.186,0.15,0.0,0.6950000000000001,0.1542857142857143,1,0,0,0,0,0,1,0.15,0,0,0,0,0,0.16,0.032,0.15,0,0.31,0.04428571428571428,0,0.14833333333333334,Pass,/app/raw_data/subj01_timepoint02.mp4
15,0,0.467,0.98,1,0.0,0.0,0.0,0.0,0.92,2.21,0.0,0.91,0.86,0.94,0.02,0.34,0.0,0.13,0.28,0.0,0.0,0.0,0.0,0.0,1.0,1.0,1.0,1.0,1.0,0.0,0.0,0.0,0.0,0.0,0.0,0.0,0.0,0.0,0.04,0.9800000000000001,0.14833333333333334,0.0,0.0,0.36833333333333335,0.36833333333333335,0.0,0.15,0.17733333333333334,0.14833333333333334,0.0,0.6666666666666667,0.14785714285714285,1,0,0,0,0,0,1,0.14833333333333334,0,0,0,0,0,0.15,0.03,0.14833333333333334,0,0.29833333333333334,0.04261904761904762,0,0.14333333333333334,Pass,/app/raw_data/subj01_timepoint02.mp4
16,0,0.5,0.98,1,0.0,0.0,0.0,0.0,0.92,2.15,0.02,0.82,0.83,0.81,0.0,0.3,0.0,0.12,0.48,0.0,0.0,0.0,0.0,0.0,1.0,1.0,1.0,1.0,1.0,0.0,0.0,0.0,0.0,0.0,0.0,0.0,0.0,0.0,0.0,0.9800000000000001,0.14583333333333334,0.0,0.0,0.35833333333333334,0.35833333333333334,0.0,0.1366666666666667,0.1706666666666667,0.14583333333333334,0.0,0.6408333333333334,0.14273809523809525,1,0,0,0,0,0,1,0.14583333333333334,0,0,0,0,0,0.1366666666666667,0.027333333333333338,0.14583333333333334,0,0.28250000000000003,0.04035714285714286,0,0.13833333333333334,Pass,/app/raw_data/subj01_timepoint02.mp4
17,0,0.5329999999999999,0.98,1,0.0,0.0,0.0,0.0,0.96,2.36,0.06,0.72,0.81,0.78,0.0,0.2,0.0,0.02,0.52,0.04,0.0,0.0,0.0,0.0,1.0,1.0,1.0,1.0,1.0,0.0,0.0,0.0,0.0,0.0,0.0,0.0,0.0,0.0,0.0,0.9800000000000001,0.1475,0.0,0.0,0.3933333333333333,0.3933333333333333,0.0,0.1325,0.18383333333333335,0.1475,0.0,0.6733333333333333,0.15238095238095237,1,0,0,0,0,0,1,0.1475,0,0,0,0,0,0.1325,0.026500000000000003,0.1475,0,0.28,0.04,0,0.135,Pass,/app/raw_data/subj01_timepoint02.mp4
18,0,0.5670000000000001,0.98,1,0.0,0.0,0.0,0.0,0.94,2.3,0.06,0.73,0.82,0.9,0.0,0.18,0.0,0.04,0.49,0.04,0.0,0.0,0.0,0.0,1.0,1.0,1.0,1.0,1.0,0.0,0.0,0.0,0.0,0.0,0.0,0.0,0.0,0.0,0.0,0.9800000000000001,0.14666666666666664,0.0,0.0,0.3833333333333333,0.3833333333333333,0.0,0.14333333333333334,0.182,0.14666666666666664,0.0,0.6733333333333332,0.15095238095238095,1,0,0,0,0,0,1,0.14666666666666664,0,0,0,0,0,0.14333333333333334,0.028666666666666667,0.14666666666666664,0,0.29,0.041428571428571426,0,0.13666666666666666,Pass,/app/raw_data/subj01_timepoint02.mp4
19,0,0.6,0.98,1,0.0,0.0,0.0,0.0,0.93,2.49,0.05,0.7,0.84,0.98,0.0,0.24,0.0,0.08,0.45,0.04,0.0,0.0,0.0,0.0,1.0,1.0,1.0,1.0,1.0,0.0,0.0,0.0,0.0,0.0,0.0,0.0,0.0,0.0,0.0,0.9800000000000001,0.1475,0.0,0.0,0.41500000000000004,0.41500000000000004,0.0,0.15166666666666664,0.19633333333333333,0.1475,0.0,0.7141666666666666,0.16130952380952382,1,0,0,0,0,0,1,0.1475,0,0,0,0,0,0.15166666666666664,0.03033333333333333,0.1475,0,0.29916666666666664,0.042738095238095235,0,0.13999999999999999,Pass,/app/raw_data/subj01_timepoint02.mp4
20,0,0.633,0.98,1,0.0,0.0,0.0,0.0,0.91,2.37,0.08,0.69,0.85,1.09,0.03,0.28,0.05,0.12,0.44,0.0,0.0,0.0,0.0,0.0,1.0,1.0,1.0,1.0,1.0,0.0,0.0,0.0,0.0,0.0,0.0,0.0,0.0,0.0,0.0,0.9800000000000001,0.14666666666666667,0.0,0.0,0.395,0.395,0.0,0.16166666666666665,0.19033333333333333,0.14666666666666667,0.0,0.7033333333333334,0.1569047619047619,1,0,0,0,0,0,1,0.14666666666666667,0,0,0,0,0,0.16166666666666665,0.03233333333333333,0.14666666666666667,0,0.30833333333333335,0.04404761904761905,0,0.14166666666666666,Pass,/app/raw_data/subj01_timepoint02.mp4
21,0,0.667,0.98,1,0.0,0.0,0.0,0.0,0.94,2.42,0.11,0.53,0.84,1.11,0.04,0.34,0.05,0.13,0.44,0.0,0.0,0.0,0.0,0.0,1.0,1.0,1.0,1.0,1.0,0.0,0.0,0.0,0.0,0.0,0.0,0.0,0.0,0.0,0.0,0.9800000000000001,0.14833333333333332,0.0,0.0,0.4033333333333333,0.4033333333333333,0.0,0.1625,0.19383333333333333,0.14833333333333332,0.0,0.7141666666666666,0.15964285714285714,1,0,0,0,0,0,1,0.14833333333333332,0,0,0,0,0,0.1625,0.0325,0.14833333333333332,0,0.3108333333333333,0.0444047619047619,0,0.13999999999999999,Pass,/app/raw_data/subj01_timepoint02.mp4
22,0,0.7,0.98,1,0.0,0.0,0.0,0.0,0.93,2.36,0.1,0.49,0.83,1.12,0.07,0.3,0.05,0.19,0.46,0.0,0.0,0.0,0.0,0.0,1.0,1.0,1.0,1.0,1.0,0.0,0.0,0.0,0.0,0.0,0.0,0.0,0.0,0.0,0.0,0.9800000000000001,0.14666666666666667,0.0,0.0,0.3933333333333333,0.3933333333333333,0.0,0.1625,0.18983333333333333,0.14666666666666667,0.0,0.7025,0.15654761904761907,1,0,0,0,0,0,1,0.14666666666666667,0,0,0,0,0,0.1625,0.0325,0.14666666666666667,0,0.3091666666666667,0.044166666666666674,0,0.13833333333333334,Pass,/app/raw_data/subj01_timepoint02.mp4
23,0,0.733,0.98,1,0.01,0.0,0.0,0.01,0.94,2.42,0.05,0.45,0.84,1.08,0.04,0.26,0.05,0.22,0.48,0.0,0.0,0.0,0.0,0.0,1.0,1.0,1.0,1.0,1.0,0.0,0.0,0.0,0.0,0.0,0.0,0.0,0.0,0.0,0.0,0.9800000000000001,0.14833333333333332,0.0,0.0,0.4033333333333333,0.4033333333333333,0.0,0.16,0.19333333333333333,0.14833333333333332,0.0,0.7116666666666667,0.15928571428571428,1,0,0,0,0,0,1,0.14833333333333332,0,0,0,0,0,0.16,0.032,0.14833333333333332,0,0.30833333333333335,0.04404761904761905,0,0.13999999999999999,Pass,/app/raw_data/subj01_timepoint02.mp4
24,0,0.767,0.98,1,0.09,0.0,0.0,0.01,0.94,2.41,0.02,0.62,0.84,1.09,0.04,0.22,0.05,0.26,0.69,0.0,0.0,0.0,0.0,0.0,1.0,1.0,1.0,1.0,1.0,0.0,0.0,0.0,0.0,0.0,0.0,0.0,0.0,0.0,0.0,0.9800000000000001,0.14833333333333332,0.0,0.0,0.40166666666666667,0.40166666666666667,0.0,0.16083333333333336,0.19283333333333336,0.14833333333333332,0.0,0.7108333333333334,0.15892857142857145,1,0,0,0,0,0,1,0.14833333333333332,0,0,0,0,0,0.16083333333333336,0.03216666666666667,0.14833333333333332,0,0.3091666666666667,0.044166666666666674,0,0.13999999999999999,Pass,/app/raw_data/subj01_timepoint02.mp4
25,0,0.8,0.98,1,0.11,0.0,0.0,0.03,0.86,2.34,0.02,0.54,0.82,1.06,0.01,0.09,0.05,0.19,0.64,0.0,0.0,0.0,0.0,0.0,1.0,1.0,1.0,1.0,1.0,0.0,0.0,0.0,0.0,0.0,0.0,0.0,0.0,0.0,0.0,0.9800000000000001,0.13999999999999999,0.0,0.0,0.38999999999999996,0.38999999999999996,0.0,0.15666666666666665,0.1873333333333333,0.13999999999999999,0.0,0.6866666666666665,0.1538095238095238,1,0,0,0,0,0,1,0.13999999999999999,0,0,0,0,0,0.15666666666666665,0.03133333333333333,0.13999999999999999,0,0.29666666666666663,0.04238095238095237,0,0.13666666666666666,Pass,/app/raw_data/subj01_timepoint02.mp4
26,0,0.833,0.98,1,0.15,0.0,0.0,0.08,0.8,2.23,0.01,0.36,0.74,0.94,0.0,0.08,0.03,0.17,0.56,0.0,0.0,0.0,0.0,0.0,1.0,1.0,1.0,1.0,1.0,0.0,0.0,0.0,0.0,0.0,0.0,0.0,0.0,0.0,0.0,0.9800000000000001,0.12833333333333333,0.0,0.0,0.37166666666666665,0.37166666666666665,0.0,0.13999999999999999,0.17666666666666667,0.12833333333333333,0.0,0.64,0.1445238095238095,1,0,0,0,0,0,1,0.12833333333333333,0,0,0,0,0,0.13999999999999999,0.027999999999999997,0.12833333333333333,0,0.2683333333333333,0.03833333333333333,0,0.12333333333333334,Pass,/app/raw_data/subj01_timepoint02.mp4
27,0,0.867,0.98,1,0.15,0.0,0.0,0.08,0.79,2.31,0.08,0.15,0.71,0.87,0.07,0.02,0.1,0.09,0.37,0.0,0.0,0.0,0.0,0.0,1.0,1.0,1.0,1.0,1.0,0.0,0.0,0.0,0.0,0.0,0.0,0.0,0.0,0.0,0.0,0.9800000000000001,0.125,0.0,0.0,0.385,0.385,0.0,0.13166666666666668,0.18033333333333335,0.125,0.0,0.6416666666666667,0.14666666666666667,1,0,0,0,0,0,1,0.125,0,0,0,0,0,0.13166666666666668,0.026333333333333337,0.125,0,0.2566666666666667,0.036666666666666674,0,0.11833333333333333,Pass,/app/raw_data/subj01_timepoint02.mp4
28,0,0.9,0.98,1,0.21,0.0,0.0,0.15,0.88,2.45,0.1,0.17,0.71,0.94,0.07,0.02,0.16,0.07,0.38,0.0,0.0,0.0,0.0,0.0,1.0,1.0,1.0,1.0,1.0,0.0,0.0,0.0,0.0,0.0,0.0,0.0,0.0,0.0,0.0,0.9800000000000001,0.13249999999999998,0.0,0.0,0.4083333333333334,0.4083333333333334,0.0,0.13749999999999998,0.19083333333333335,0.13249999999999998,0.0,0.6783333333333333,0.15523809523809523,1,0,0,0,0,0,1,0.13249999999999998,0,0,0,0,0,0.13749999999999998,0.027499999999999997,0.13249999999999998,0,0.26999999999999996,0.03857142857142857,0,0.11833333333333333,Pass,/app/raw_data/subj01_timepoint02.mp4
29,0,0.9329999999999999,0.98,1,0.22,0.0,0.0,0.08,0.95,2.48,0.13,0.29,0.74,0.95,0.07,0.02,0.13,0.1,0.5,0.0,0.0,0.0,0.0,0.0,1.0,1.0,1.0,1.0,1.0,0.0,0.0,0.0,0.0,0.0,0.0,0.0,0.0,0.0,0.0,0.9800000000000001,0.14083333333333334,0.0,0.0,0.41333333333333333,0.41333333333333333,0.0,0.14083333333333334,0.1935,0.14083333333333334,0.0,0.6950000000000001,0.15833333333333335,1,0,0,0,0,0,1,0.14083333333333334,0,0,0,0,0,0.14083333333333334,0.028166666666666666,0.14083333333333334,0,0.2816666666666667,0.04023809523809524,0,0.12333333333333334,Pass,/app/raw_data/subj01_timepoint02.mp4
30,0,0.9670000000000001,0.98,1,0.31,0.0,0.0,0.22,0.94,2.66,0.16,0.37,0.72,1.02,0.0,0.0,0.18,0.1,0.54,0.0,0.0,0.0,0.0,0.0,1.0,1.0,1.0,1.0,1.0,0.0,0.0,0.0,0.0,0.0,0.0,0.0,0.0,0.0,0.0,0.9800000000000001,0.13833333333333334,0.0,0.0,0.44333333333333336,0.44333333333333336,0.0,0.145,0.20633333333333334,0.13833333333333334,0.0,0.7266666666666667,0.16714285714285712,1,0,0,0,0,0,1,0.13833333333333334,0,0,0,0,0,0.145,0.028999999999999998,0.13833333333333334,0,0.2833333333333333,0.04047619047619048,0,0.12,Pass,/app/raw_data/subj01_timepoint02.mp4
31,0,1.0,0.98,1,0.32,0.0,0.0,0.18,0.93,2.78,0.19,0.32,0.69,1.01,0.0,0.0,0.18,0.16,0.53,0.0,0.0,0.0,0.0,0.0,1.0,1.0,1.0,1.0,1.0,0.0,0.0,0.0,0.0,0.0,0.0,0.0,0.0,0.0,0.0,0.9800000000000001,0.135,0.0,0.0,0.4633333333333333,0.4633333333333333,0.0,0.14166666666666666,0.21366666666666667,0.135,0.0,0.74,0.17190476190476192,1,0,0,0,0,0,1,0.135,0,0,0,0,0,0.14166666666666666,0.028333333333333332,0.135,0,0.27666666666666667,0.039523809523809524,0,0.11499999999999999,Pass,/app/raw_data/subj01_timepoint02.mp4
32,0,1.033,0.98,1,0.37,0.0,0.0,0.29,0.92,2.9,0.14,0.34,0.69,1.07,0.0,0.0,0.25,0.17,0.46,0.0,0.0,0.0,0.0,0.0,1.0,1.0,1.0,1.0,1.0,0.0,0.0,0.0,0.0,0.0,0.0,0.0,0.0,0.0,0.0,0.9800000000000001,0.13416666666666666,0.0,0.0,0.48333333333333334,0.48333333333333334,0.0,0.14666666666666667,0.22266666666666665,0.13416666666666666,0.0,0.7641666666666667,0.17821428571428571,1,0,0,0,0,0,1,0.13416666666666666,0,0,0,0,0,0.14666666666666667,0.029333333333333333,0.13416666666666666,0,0.2808333333333333,0.04011904761904762,0,0.11499999999999999,Pass,/app/raw_data/subj01_timepoint02.mp4
33,0,1.067,0.98,1,0.31,0.0,0.0,0.18,0.95,2.9,0.08,0.28,0.68,1.03,0.01,0.0,0.15,0.23,0.38,0.0,0.0,0.0,0.0,0.0,1.0,1.0,1.0,1.0,1.0,0.0,0.0,0.0,0.0,0.0,0.0,0.0,0.0,0.0,0.0,0.9800000000000001,0.13583333333333333,0.0,0.0,0.48333333333333334,0.48333333333333334,0.0,0.1425,0.22183333333333333,0.13583333333333333,0.0,0.7616666666666666,0.17785714285714288,1,0,0,0,0,0,1,0.13583333333333333,0,0,0,0,0,0.1425,0.028499999999999998,0.13583333333333333,0,0.2783333333333333,0.03976190476190476,0,0.11333333333333334,Pass,/app/raw_data/subj01_timepoint02.mp4
34,0,1.1,0.98,1,0.26,0.0,0.0,0.13,0.98,2.94,0.05,0.35,0.73,1.02,0.03,0.0,0.15,0.23,0.41,0.0,0.0,0.0,0.0,0.0,1.0,1.0,1.0,1.0,1.0,0.0,0.0,0.0,0.0,0.0,0.0,0.0,0.0,0.0,0.0,0.9800000000000001,0.1425,0.0,0.0,0.49,0.49,0.0,0.14583333333333334,0.22516666666666665,0.1425,0.0,0.7783333333333333,0.18119047619047618,1,0,0,0,0,0,1,0.1425,0,0,0,0,0,0.14583333333333334,0.029166666666666667,0.1425,0,0.28833333333333333,0.04119047619047619,0,0.12166666666666666,Pass,/app/raw_data/subj01_timepoint02.mp4
35,0,1.133,0.98,1,0.24,0.0,0.0,0.02,1.0,3.02,0.06,0.25,0.69,1.07,0.07,0.0,0.15,0.24,0.41,0.0,0.0,0.0,0.0,0.0,1.0,1.0,1.0,1.0,1.0,0.0,0.0,0.0,0.0,0.0,0.0,0.0,0.0,0.0,0.0,0.9800000000000001,0.14083333333333334,0.0,0.0,0.5033333333333333,0.5033333333333333,0.0,0.14666666666666667,0.23066666666666666,0.14083333333333334,0.0,0.7908333333333333,0.1848809523809524,1,0,0,0,0,0,1,0.14083333333333334,0,0,0,0,0,0.14666666666666667,0.029333333333333333,0.14083333333333334,0,0.2875,0.04107142857142857,0,0.11499999999999999,Pass,/app/raw_data/subj01_timepoint02.mp4
36,0,1.167,0.98,1,0.15,0.0,0.0,0.04,1.03,2.96,0.04,0.33,0.72,1.11,0.1,0.0,0.19,0.32,0.5,0.0,0.0,0.0,0.0,0.0,1.0,1.0,1.0,1.0,1.0,0.0,0.0,0.0,0.0,0.0,0.0,0.0,0.0,0.0,0.0,0.9800000000000001,0.14583333333333334,0.0,0.0,0.49333333333333335,0.49333333333333335,0.0,0.1525,0.22783333333333333,0.14583333333333334,0.0,0.7916666666666666,0.18357142857142858,1,0,0,0,0,0,1,0.14583333333333334,0,0,0,0,0,0.1525,0.0305,0.14583333333333334,0,0.29833333333333334,0.04261904761904762,0,0.12,Pass,/app/raw_data/subj01_timepoint02.mp4
37,0,1.2,0.98,1,0.22,0.0,0.0,0.05,1.01,2.82,0.01,0.33,0.7,1.22,0.07,0.0,0.23,0.3,0.51,0.0,0.0,0.0,0.0,0.0,1.0,1.0,1.0,1.0,1.0,0.0,0.0,0.0,0.0,0.0,0.0,0.0,0.0,0.0,0.0,0.9800000000000001,0.1425,0.0,0.0,0.47,0.47,0.0,0.16,0.21999999999999997,0.1425,0.0,0.7725,0.1775,1,0,0,0,0,0,1,0.1425,0,0,0,0,0,0.16,0.032,0.1425,0,0.3025,0.04321428571428571,0,0.11666666666666665,Pass,/app/raw_data/subj01_timepoint02.mp4
38,0,1.2329999999999999,0.98,1,0.2,0.0,0.0,0.05,0.98,2.8,0.0,0.44,0.75,1.33,0.07,0.0,0.21,0.26,0.59,0.01,0.0,0.0,0.0,0.0,1.0,1.0,1.0,1.0,1.0,0.0,0.0,0.0,0.0,0.0,0.0,0.0,0.0,0.0,0.0,0.9800000000000001,0.14416666666666667,0.0,0.0,0.4666666666666666,0.4666666666666666,0.0,0.17333333333333334,0.2213333333333333,0.14416666666666667,0.0,0.7841666666666667,0.17869047619047618,1,0,0,0,0,0,1,0.14416666666666667,0,0,0,0,0,0.17333333333333334,0.034666666666666665,0.14416666666666667,0,0.3175,0.04535714285714286,0,0.125,Pass,/app/raw_data/subj01_timepoint02.mp4
39,0,1.2670000000000001,0.98,1,0.21,0.0,0.0,0.0,0.92,2.87,0.0,0.42,0.71,1.34,0.08,0.0,0.31,0.2,0.58,0.09,0.0,0.0,0.0,0.0,1.0,1.0,1.0,1.0,1.0,0.0,0.0,0.0,0.0,0.0,0.0,0.0,0.0,0.0,0.0,0.9800000000000001,0.13583333333333333,0.0,0.0,0.47833333333333333,0.47833333333333333,0.0,0.1708333333333333,0.22549999999999998,0.13583333333333333,0.0,0.7849999999999999,0.18047619047619048,1,0,0,0,0,0,1,0.13583333333333333,0,0,0,0,0,0.1708333333333333,0.034166666666666665,0.13583333333333333,0,0.30666666666666664,0.043809523809523805,0,0.11833333333333333,Pass,/app/raw_data/subj01_timepoint02.mp4
40,0,1.3,0.98,1,0.08,0.0,0.0,0.0,0.9,2.91,0.0,0.53,0.74,1.27,0.1,0.05,0.28,0.2,0.65,0.09,0.0,0.0,0.0,0.0,1.0,1.0,1.0,1.0,1.0,0.0,0.0,0.0,0.0,0.0,0.0,0.0,0.0,0.0,0.0,0.9800000000000001,0.1366666666666667,0.0,0.0,0.48500000000000004,0.48500000000000004,0.0,0.16749999999999998,0.22750000000000004,0.1366666666666667,0.0,0.7891666666666667,0.18202380952380953,1,0,0,0,0,0,1,0.1366666666666667,0,0,0,0,0,0.16749999999999998,0.033499999999999995,0.1366666666666667,0,0.3041666666666667,0.04345238095238096,0,0.12333333333333334,Pass,/app/raw_data/subj01_timepoint02.mp4
41,0,1.3330000000000002,0.98,1,0.01,0.0,0.0,0.0,0.86,2.77,0.0,0.51,0.69,1.15,0.07,0.07,0.36,0.17,0.66,0.08,0.0,0.0,0.0,0.0,1.0,1.0,1.0,1.0,1.0,0.0,0.0,0.0,0.0,0.0,0.0,0.0,0.0,0.0,0.0,0.9800000000000001,0.12916666666666665,0.0,0.0,0.46166666666666667,0.46166666666666667,0.0,0.15333333333333332,0.21533333333333332,0.12916666666666665,0.0,0.7441666666666666,0.17226190476190475,1,0,0,0,0,0,1,0.12916666666666665,0,0,0,0,0,0.15333333333333332,0.030666666666666665,0.12916666666666665,0,0.2825,0.040357142857142855,0,0.11499999999999999,Pass,/app/raw_data/subj01_timepoint02.mp4
42,0,1.367,0.98,1,0.0,0.0,0.0,0.0,0.87,2.64,0.0,0.56,0.74,1.1,0.02,0.08,0.23,0.1,0.67,0.0,0.0,0.0,0.0,0.0,1.0,1.0,1.0,1.0,1.0,0.0,0.0,0.0,0.0,0.0,0.0,0.0,0.0,0.0,0.0,0.9800000000000001,0.13416666666666666,0.0,0.0,0.44,0.44,0.0,0.15333333333333335,0.2066666666666667,0.13416666666666666,0.0,0.7275,0.1667857142857143,1,0,0,0,0,0,1,0.13416666666666666,0,0,0,0,0,0.15333333333333335,0.03066666666666667,0.13416666666666666,0,0.2875,0.04107142857142857,0,0.12333333333333334,Pass,/app/raw_data/subj01_timepoint02.mp4
43,0,1.4,0.98,1,0.0,0.0,0.0,0.0,0.84,2.57,0.0,0.45,0.72,1.11,0.02,0.03,0.18,0.04,0.59,0.0,0.0,0.0,0.0,0.0,1.0,1.0,1.0,1.0,1.0,0.0,0.0,0.0,0.0,0.0,0.0,0.0,0.0,0.0,0.0,0.9800000000000001,0.13,0.0,0.0,0.4283333333333333,0.4283333333333333,0.0,0.1525,0.2018333333333333,0.13,0.0,0.7108333333333333,0.16273809523809524,1,0,0,0,0,0,1,0.13,0,0,0,0,0,0.1525,0.0305,0.13,0,0.2825,0.040357142857142855,0,0.12,Pass,/app/raw_data/subj01_timepoint02.mp4
44,0,1.433,0.98,1,0.0,0.0,0.0,0.0,0.9,2.43,0.04,0.48,0.8,1.07,0.02,0.13,0.05,0.0,0.54,0.0,0.0,0.0,0.0,0.0,1.0,1.0,1.0,1.0,1.0,0.0,0.0,0.0,0.0,0.0,0.0,0.0,0.0,0.0,0.0,0.9800000000000001,0.1416666666666667,0.0,0.0,0.405,0.405,0.0,0.15583333333333335,0.19316666666666668,0.1416666666666667,0.0,0.7025000000000001,0.15821428571428572,1,0,0,0,0,0,1,0.1416666666666667,0,0,0,0,0,0.15583333333333335,0.03116666666666667,0.1416666666666667,0,0.29750000000000004,0.0425,0,0.13333333333333333,Pass,/app/raw_data/subj01_timepoint02.mp4
45,0,1.4669999999999999,0.98,1,0.0,0.0,0.0,0.0,0.89,2.39,0.03,0.5,0.78,1.04,0.1,0.11,0.07,0.01,0.54,0.07,0.0,0.0,0.0,0.0,1.0,1.0,1.0,1.0,1.0,0.0,0.0,0.0,0.0,0.0,0.0,0.0,0.0,0.0,0.02,0.9800000000000001,0.13916666666666666,0.0,0.0,0.3983333333333334,0.3983333333333334,0.0,0.15166666666666667,0.1896666666666667,0.13916666666666666,0.0,0.6891666666666667,0.1553571428571429,1,0,0,0,0,0,1,0.13916666666666666,0,0,0,0,0,0.15166666666666667,0.030333333333333334,0.13916666666666666,0,0.29083333333333333,0.04154761904761905,0,0.13,Pass,/app/raw_data/subj01_timepoint02.mp4
46,0,1.5,0.98,1,0.0,0.0,0.0,0.0,0.94,2.4,0.03,0.64,0.81,0.94,0.11,0.15,0.06,0.01,0.51,0.07,0.0,0.0,0.0,0.0,1.0,1.0,1.0,1.0,1.0,0.0,0.0,0.0,0.0,0.0,0.0,0.0,0.0,0.0,0.03,0.9800000000000001,0.14583333333333334,0.0,0.0,0.39999999999999997,0.39999999999999997,0.0,0.14583333333333334,0.18916666666666665,0.14583333333333334,0.0,0.6916666666666667,0.15595238095238093,1,0,0,0,0,0,1,0.14583333333333334,0,0,0,0,0,0.14583333333333334,0.029166666666666667,0.14583333333333334,0,0.2916666666666667,0.04166666666666667,0,0.135,Pass,/app/raw_data/subj01_timepoint02.mp4
47,0,1.5330000000000001,0.98,1,0.0,0.0,0.0,0.0,0.92,2.58,0.0,0.82,0.79,1.0,0.13,0.05,0.06,0.06,0.45,0.07,0.0,0.0,0.0,0.0,1.0,1.0,1.0,1.0,1.0,0.0,0.0,0.0,0.0,0.0,0.0,0.0,0.0,0.0,0.03,0.9800000000000001,0.1425,0.0,0.0,0.43,0.43,0.0,0.14916666666666667,0.20183333333333336,0.1425,0.0,0.7216666666666667,0.16452380952380952,1,0,0,0,0,0,1,0.1425,0,0,0,0,0,0.14916666666666667,0.029833333333333333,0.1425,0,0.29166666666666663,0.041666666666666664,0,0.13166666666666668,Pass,/app/raw_data/subj01_timepoint02.mp4
48,0,1.567,0.98,1,0.0,0.0,0.0,0.0,0.92,2.51,0.0,1.04,0.8,0.94,0.05,0.15,0.0,0.05,0.34,0.0,0.0,0.0,0.0,0.0,1.0,1.0,1.0,1.0,1.0,0.0,0.0,0.0,0.0,0.0,0.0,0.0,0.0,0.0,0.03,0.9800000000000001,0.14333333333333334,0.0,0.0,0.4183333333333333,0.4183333333333333,0.0,0.145,0.1963333333333333,0.14333333333333334,0.0,0.7066666666666667,0.16071428571428573,1,0,0,0,0,0,1,0.14333333333333334,0,0,0,0,0,0.145,0.028999999999999998,0.14333333333333334,0,0.28833333333333333,0.04119047619047619,0,0.13333333333333333,Pass,/app/raw_data/subj01_timepoint02.mp4
49,0,1.6,0.98,1,0.0,0.0,0.0,0.03,0.93,2.57,0.0,1.2,0.8,1.0,0.02,0.24,0.0,0.07,0.2,0.01,0.0,0.0,0.0,0.0,1.0,1.0,1.0,1.0,1.0,0.0,0.0,0.0,0.0,0.0,0.0,0.0,0.0,0.0,0.03,0.9800000000000001,0.14416666666666667,0.0,0.0,0.4283333333333333,0.4283333333333333,0.0,0.15,0.2013333333333333,0.14416666666666667,0.0,0.7225,0.1644047619047619,1,0,0,0,0,0,1,0.14416666666666667,0,0,0,0,0,0.15,0.03,0.14416666666666667,0,0.2941666666666667,0.042023809523809526,0,0.13333333333333333,Pass,/app/raw_data/subj01_timepoint02.mp4
50,0,1.633,0.98,1,0.0,0.02,0.0,0.03,0.98,2.41,0.0,1.24,0.82,0.95,0.05,0.31,0.0,0.12,0.1,0.01,0.0,0.0,0.0,0.0,1.0,1.0,1.0,1.0,1.0,0.0,0.0,0.0,0.0,0.0,0.0,0.0,0.0,0.0,0.04,0.9800000000000001,0.15,0.0,0.0,0.40166666666666667,0.40166666666666667,0.0,0.1475,0.19016666666666665,0.15,0.0,0.6991666666666666,0.15726190476190477,1,0,0,0,0,0,1,0.15,0,0,0,0,0,0.1475,0.0295,0.15,0,0.2975,0.042499999999999996,0,0.13666666666666666,Pass,/app/raw_data/subj01_timepoint02.mp4
51,0,1.6669999999999998,0.98,1,0.0,0.02,0.0,0.06,1.03,2.55,0.0,1.21,0.9,1.09,0.07,0.33,0.0,0.12,0.03,0.11,0.0,0.0,0.0,0.0,1.0,1.0,1.0,1.0,1.0,0.0,0.0,0.0,0.0,0.0,0.0,0.0,0.0,0.0,0.03,0.9800000000000001,0.16083333333333336,0.0,0.0,0.425,0.425,0.0,0.16583333333333336,0.20316666666666666,0.16083333333333336,0.0,0.7516666666666667,0.16809523809523808,1,0,0,0,0,0,1,0.16083333333333336,0,0,0,0,0,0.16583333333333336,0.03316666666666667,0.16083333333333336,0,0.3266666666666667,0.046666666666666676,0,0.15,Pass,/app/raw_data/subj01_timepoint02.mp4
52,0,1.7,0.98,1,0.0,0.05,0.0,0.05,1.05,2.43,0.0,1.28,0.92,1.16,0.09,0.34,0.05,0.14,0.03,0.15,0.0,0.0,0.0,0.0,1.0,1.0,1.0,1.0,1.0,0.0,0.0,0.0,0.0,0.0,0.0,0.0,0.0,0.0,0.03,0.9800000000000001,0.16416666666666668,0.0,0.0,0.405,0.405,0.0,0.17333333333333334,0.19666666666666668,0.16416666666666668,0.0,0.7425,0.16392857142857142,1,0,0,0,0,0,1,0.16416666666666668,0,0,0,0,0,0.17333333333333334,0.034666666666666665,0.16416666666666668,0,0.3375,0.048214285714285716,0,0.15333333333333335,Pass,/app/raw_data/subj01_timepoint02.mp4
53,0,1.733,0.98,1,0.0,0.1,0.0,0.05,1.03,2.53,0.0,1.36,0.94,1.29,0.05,0.44,0.05,0.04,0.0,0.2,0.0,0.0,0.0,0.0,1.0,1.0,1.0,1.0,1.0,0.0,0.0,0.0,0.0,0.0,0.0,0.0,0.0,0.0,0.02,0.9800000000000001,0.16416666666666666,0.0,0.0,0.42166666666666663,0.42166666666666663,0.0,0.18583333333333332,0.2058333333333333,0.16416666666666666,0.0,0.7716666666666666,0.17047619047619045,1,0,0,0,0,0,1,0.16416666666666666,0,0,0,0,0,0.18583333333333332,0.03716666666666667,0.16416666666666666,0,0.35,0.049999999999999996,0,0.15666666666666665,Pass,/app/raw_data/subj01_timepoint02.mp4
54,0,1.767,0.98,1,0.0,0.1,0.0,0.02,1.0,2.48,0.0,1.4,0.94,1.37,0.09,0.53,0.15,0.04,0.0,0.1,0.0,0.0,0.0,0.0,1.0,1.0,1.0,1.0,1.0,0.0,0.0,0.0,0.0,0.0,0.0,0.0,0.0,0.0,0.01,0.9800000000000001,0.16166666666666665,0.0,0.0,0.41333333333333333,0.41333333333333333,0.0,0.1925,0.2038333333333333,0.16166666666666665,0.0,0.7675,0.16869047619047617,1,0,0,0,0,0,1,0.16166666666666665,0,0,0,0,0,0.1925,0.0385,0.16166666666666665,0,0.35416666666666663,0.05059523809523809,0,0.15666666666666665,Pass,/app/raw_data/subj01_timepoint02.mp4
55,0,1.8,0.98,1,0.0,0.07,0.0,0.0,0.99,2.51,0.0,1.33,0.98,1.31,0.06,0.57,0.12,0.04,0.0,0.07,0.0,0.0,0.0,0.0,1.0,1.0,1.0,1.0,1.0,0.0,0.0,0.0,0.0,0.0,0.0,0.0,0.0,0.0,0.0,0.9800000000000001,0.16416666666666666,0.0,0.0,0.4183333333333333,0.4183333333333333,0.0,0.19083333333333333,0.20549999999999996,0.16416666666666666,0.0,0.7733333333333332,0.17023809523809524,1,0,0,0,0,0,1,0.16416666666666666,0,0,0,0,0,0.19083333333333333,0.03816666666666667,0.16416666666666666,0,0.355,0.05071428571428571,0,0.16333333333333333,Pass,/app/raw_data/subj01_timepoint02.mp4
56,0,1.8330000000000002,0.98,1,0.0,0.0,0.0,0.0,0.99,2.48,0.0,1.28,0.97,1.2,0.06,0.53,0.22,0.05,0.0,0.08,0.0,0.0,0.0,0.0,1.0,1.0,1.0,1.0,1.0,0.0,0.0,0.0,0.0,0.0,0.0,0.0,0.0,0.0,0.0,0.9800000000000001,0.16333333333333333,0.0,0.0,0.41333333333333333,0.41333333333333333,0.0,0.18083333333333332,0.2015,0.16333333333333333,0.0,0.7575,0.16726190476190478,1,0,0,0,0,0,1,0.16333333333333333,0,0,0,0,0,0.18083333333333332,0.036166666666666666,0.16333333333333333,0,0.3441666666666666,0.04916666666666666,0,0.16166666666666665,Pass,/app/raw_data/subj01_timepoint02.mp4
57,0,1.867,0.98,1,0.0,0.03,0.0,0.05,0.98,2.48,0.0,1.27,0.92,1.03,0.0,0.52,0.23,0.05,0.0,0.1,0.0,0.0,0.0,0.0,1.0,1.0,1.0,1.0,1.0,0.0,0.0,0.0,0.0,0.0,0.0,0.0,0.0,0.0,0.0,0.9800000000000001,0.15833333333333333,0.0,0.0,0.41333333333333333,0.41333333333333333,0.0,0.1625,0.19783333333333333,0.15833333333333333,0.0,0.7341666666666666,0.16392857142857142,1,0,0,0,0,0,1,0.15833333333333333,0,0,0,0,0,0.1625,0.0325,0.15833333333333333,0,0.3208333333333333,0.04583333333333333,0,0.15333333333333335,Pass,/app/raw_data/subj01_timepoint02.mp4
58,0,1.9,0.98,1,0.0,0.03,0.0,0.05,0.96,2.47,0.0,1.28,0.91,0.91,0.0,0.49,0.21,0.03,0.0,0.18,0.0,0.0,0.0,0.0,1.0,1.0,1.0,1.0,1.0,0.0,0.0,0.0,0.0,0.0,0.0,0.0,0.0,0.0,0.0,0.9800000000000001,0.15583333333333335,0.0,0.0,0.4116666666666667,0.4116666666666667,0.0,0.15166666666666667,0.195,0.15583333333333335,0.0,0.7191666666666667,0.16154761904761905,1,0,0,0,0,0,1,0.15583333333333335,0,0,0,0,0,0.15166666666666667,0.030333333333333334,0.15583333333333335,0,0.3075,0.04392857142857143,0,0.15166666666666667,Pass,/app/raw_data/subj01_timepoint02.mp4
59,0,1.933,0.98,1,0.0,0.03,0.0,0.09,0.96,2.37,0.0,1.31,0.9,0.78,0.0,0.54,0.11,0.08,0.0,0.12,0.0,0.0,0.0,0.0,1.0,1.0,1.0,1.0,1.0,0.0,0.0,0.0,0.0,0.0,0.0,0.0,0.0,0.0,0.0,0.9800000000000001,0.155,0.0,0.0,0.395,0.395,0.0,0.14,0.186,0.155,0.0,0.6900000000000001,0.155,1,0,0,0,0,0,1,0.155,0,0,0,0,0,0.14,0.028000000000000004,0.155,0,0.29500000000000004,0.04214285714285715,0,0.15,Pass,/app/raw_data/subj01_timepoint02.mp4
60,0,1.9669999999999999,0.98,1,0.0,0.0,0.0,0.04,0.96,2.11,0.0,1.36,0.93,0.68,0.02,0.54,0.0,0.08,0.0,0.13,0.0,0.0,0.0,0.0,1.0,1.0,1.0,1.0,1.0,0.0,0.0,0.0,0.0,0.0,0.0,0.0,0.0,0.0,0.0,0.9800000000000001,0.1575,0.0,0.0,0.3516666666666666,0.3516666666666666,0.0,0.13416666666666668,0.16749999999999998,0.1575,0.0,0.6433333333333333,0.14214285714285715,1,0,0,0,0,0,1,0.1575,0,0,0,0,0,0.13416666666666668,0.026833333333333338,0.1575,0,0.2916666666666667,0.04166666666666667,0,0.155,Pass,/app/raw_data/subj01_timepoint02.mp4
61,0,2.0,0.98,1,0.0,0.0,0.0,0.04,0.9,1.96,0.0,1.32,0.91,0.77,0.02,0.57,0.0,0.07,0.06,0.03,0.0,0.0,0.0,0.0,1.0,1.0,1.0,1.0,1.0,0.0,0.0,0.0,0.0,0.0,0.0,0.0,0.0,0.0,0.0,0.9800000000000001,0.15083333333333335,0.0,0.0,0.32666666666666666,0.32666666666666666,0.0,0.14,0.15866666666666668,0.15083333333333335,0.0,0.6175,0.13488095238095238,1,0,0,0,0,0,1,0.15083333333333335,0,0,0,0,0,0.14,0.028000000000000004,0.15083333333333335,0,0.2908333333333334,0.041547619047619055,0,0.15166666666666667,Pass,/app/raw_data/subj01_timepoint02.mp4
62,0,2.033,0.98,1,0.0,0.0,0.0,0.01,0.89,1.98,0.0,1.24,0.93,0.73,0.06,0.51,0.0,0.01,0.1,0.05,0.0,0.0,0.0,0.0,1.0,1.0,1.0,1.0,1.0,0.0,0.0,0.0,0.0,0.0,0.0,0.0,0.0,0.0,0.0,0.9800000000000001,0.15166666666666667,0.0,0.0,0.33,0.33,0.0,0.13833333333333334,0.15966666666666668,0.15166666666666667,0.0,0.62,0.13571428571428573,1,0,0,0,0,0,1,0.15166666666666667,0,0,0,0,0,0.13833333333333334,0.027666666666666666,0.15166666666666667,0,0.29000000000000004,0.04142857142857143,0,0.155,Pass,/app/raw_data/subj01_timepoint02.mp4
63,0,2.0669999999999997,0.98,1,0.0,0.0,0.0,0.01,0.9,2.21,0.0,1.08,0.89,0.85,0.04,0.49,0.0,0.01,0.1,0.03,0.0,0.0,0.0,0.0,1.0,1.0,1.0,1.0,1.0,0.0,0.0,0.0,0.0,0.0,0.0,0.0,0.0,0.0,0.0,0.9800000000000001,0.14916666666666667,0.0,0.0,0.36833333333333335,0.36833333333333335,0.0,0.145,0.17633333333333334,0.14916666666666667,0.0,0.6625000000000001,0.1472619047619048,1,0,0,0,0,0,1,0.14916666666666667,0,0,0,0,0,0.145,0.028999999999999998,0.14916666666666667,0,0.2941666666666667,0.042023809523809526,0,0.14833333333333334,Pass,/app/raw_data/subj01_timepoint02.mp4
64,0,2.1,0.98,1,0.0,0.0,0.0,0.01,0.96,2.29,0.0,1.03,0.89,0.8,0.04,0.51,0.0,0.04,0.07,0.03,0.0,0.0,0.0,0.0,1.0,1.0,1.0,1.0,1.0,0.0,0.0,0.0,0.0,0.0,0.0,0.0,0.0,0.0,0.0,0.9800000000000001,0.15416666666666667,0.0,0.0,0.38166666666666665,0.38166666666666665,0.0,0.14083333333333334,0.18083333333333335,0.15416666666666667,0.0,0.6766666666666667,0.15119047619047618,1,0,0,0,0,0,1,0.15416666666666667,0,0,0,0,0,0.14083333333333334,0.028166666666666666,0.15416666666666667,0,0.29500000000000004,0.04214285714285715,0,0.14833333333333334,Pass,/app/raw_data/subj01_timepoint02.mp4
65,0,2.133,0.98,1,0.0,0.0,0.0,0.0,0.96,2.18,0.0,0.93,0.88,0.95,0.0,0.45,0.0,0.04,0.03,0.0,0.0,0.0,0.0,0.0,1.0,1.0,1.0,1.0,1.0,0.0,0.0,0.0,0.0,0.0,0.0,0.0,0.0,0.0,0.0,0.9800000000000001,0.15333333333333332,0.0,0.0,0.36333333333333334,0.36333333333333334,0.0,0.1525,0.17583333333333334,0.15333333333333332,0.0,0.6691666666666666,0.1475,1,0,0,0,0,0,1,0.15333333333333332,0,0,0,0,0,0.1525,0.0305,0.15333333333333332,0,0.3058333333333333,0.04369047619047618,0,0.14666666666666667,Pass,/app/raw_data/subj01_timepoint02.mp4
66,0,2.167,0.98,1,0.0,0.0,0.0,0.0,0.94,1.98,0.0,0.93,0.93,0.95,0.0,0.44,0.0,0.04,0.06,0.0,0.0,0.0,0.0,0.0,1.0,1.0,1.0,1.0,1.0,0.0,0.0,0.0,0.0,0.0,0.0,0.0,0.0,0.0,0.0,0.9800000000000001,0.15583333333333335,0.0,0.0,0.33,0.33,0.0,0.15666666666666665,0.16333333333333333,0.15583333333333335,0.0,0.6425,0.13892857142857143,1,0,0,0,0,0,1,0.15583333333333335,0,0,0,0,0,0.15666666666666665,0.03133333333333333,0.15583333333333335,0,0.3125,0.044642857142857144,0,0.155,Pass,/app/raw_data/subj01_timepoint02.mp4
67,0,2.2,0.98,1,0.0,0.0,0.0,0.0,0.9,1.89,0.0,0.83,0.94,1.04,0.02,0.31,0.0,0.0,0.18,0.0,0.0,0.0,0.0,0.0,1.0,1.0,1.0,1.0,1.0,0.0,0.0,0.0,0.0,0.0,0.0,0.0,0.0,0.0,0.0,0.9800000000000001,0.15333333333333332,0.0,0.0,0.315,0.315,0.0,0.165,0.159,0.15333333333333332,0.0,0.6333333333333333,0.13547619047619047,1,0,0,0,0,0,1,0.15333333333333332,0,0,0,0,0,0.165,0.033,0.15333333333333332,0,0.31833333333333336,0.04547619047619048,0,0.15666666666666665,Pass,/app/raw_data/subj01_timepoint02.mp4
68,0,2.233,0.98,1,0.0,0.0,0.0,0.0,0.82,2.03,0.04,0.7,0.88,1.04,0.02,0.37,0.05,0.0,0.46,0.0,0.0,0.0,0.0,0.0,1.0,1.0,1.0,1.0,1.0,0.0,0.0,0.0,0.0,0.0,0.0,0.0,0.0,0.0,0.0,0.9800000000000001,0.14166666666666666,0.0,0.0,0.3383333333333333,0.3383333333333333,0.0,0.16,0.16733333333333333,0.14166666666666666,0.0,0.64,0.13976190476190478,1,0,0,0,0,0,1,0.14166666666666666,0,0,0,0,0,0.16,0.032,0.14166666666666666,0,0.30166666666666664,0.04309523809523809,0,0.14666666666666667,Pass,/app/raw_data/subj01_timepoint02.mp4
69,0,2.267,0.98,1,0.0,0.0,0.0,0.0,0.79,2.21,0.15,0.58,0.87,0.98,0.04,0.3,0.07,0.01,0.63,0.02,0.0,0.0,0.0,0.0,1.0,1.0,1.0,1.0,1.0,0.0,0.0,0.0,0.0,0.0,0.0,0.0,0.0,0.0,0.0,0.9800000000000001,0.13833333333333334,0.0,0.0,0.36833333333333335,0.36833333333333335,0.0,0.15416666666666667,0.17816666666666667,0.13833333333333334,0.0,0.6608333333333334,0.14702380952380953,1,0,0,0,0,0,1,0.13833333333333334,0,0,0,0,0,0.15416666666666667,0.030833333333333334,0.13833333333333334,0,0.2925,0.04178571428571428,0,0.145,Pass,/app/raw_data/subj01_timepoint02.mp4
70,0,2.3,0.98,1,0.0,0.0,0.0,0.0,0.78,2.31,0.19,0.49,0.83,0.82,0.02,0.24,0.17,0.08,0.6,0.08,0.0,0.0,0.0,0.0,1.0,1.0,1.0,1.0,1.0,0.0,0.0,0.0,0.0,0.0,0.0,0.0,0.0,0.0,0.0,0.9800000000000001,0.13416666666666666,0.0,0.0,0.385,0.385,0.0,0.13749999999999998,0.1815,0.13416666666666666,0.0,0.6566666666666666,0.1488095238095238,1,0,0,0,0,0,1,0.13416666666666666,0,0,0,0,0,0.13749999999999998,0.027499999999999997,0.13416666666666666,0,0.2716666666666666,0.0388095238095238,0,0.13833333333333334,Pass,/app/raw_data/subj01_timepoint02.mp4
71,0,2.333,0.98,1,0.0,0.0,0.0,0.0,0.84,2.31,0.23,0.46,0.85,0.77,0.02,0.13,0.12,0.21,0.47,0.08,0.0,0.0,0.0,0.0,1.0,1.0,1.0,1.0,1.0,0.0,0.0,0.0,0.0,0.0,0.0,0.0,0.0,0.0,0.0,0.9800000000000001,0.14083333333333334,0.0,0.0,0.385,0.385,0.0,0.135,0.181,0.14083333333333334,0.0,0.6608333333333334,0.1494047619047619,1,0,0,0,0,0,1,0.14083333333333334,0,0,0,0,0,0.135,0.027000000000000003,0.14083333333333334,0,0.2758333333333334,0.03940476190476191,0,0.14166666666666666,Pass,/app/raw_data/subj01_timepoint02.mp4
72,0,2.367,0.98,1,0.0,0.0,0.0,0.0,0.85,2.27,0.15,0.43,0.8,0.83,0.0,0.02,0.09,0.28,0.43,0.05,0.0,0.0,0.0,0.0,1.0,1.0,1.0,1.0,1.0,0.0,0.0,0.0,0.0,0.0,0.0,0.0,0.0,0.0,0.0,0.9800000000000001,0.13749999999999998,0.0,0.0,0.37833333333333335,0.37833333333333335,0.0,0.13583333333333333,0.17850000000000002,0.13749999999999998,0.0,0.6516666666666667,0.14714285714285716,1,0,0,0,0,0,1,0.13749999999999998,0,0,0,0,0,0.13583333333333333,0.027166666666666665,0.13749999999999998,0,0.2733333333333333,0.039047619047619046,0,0.13333333333333333,Pass,/app/raw_data/subj01_timepoint02.mp4
73,0,2.4,0.98,1,0.0,0.0,0.0,0.0,0.86,2.2,0.16,0.41,0.79,1.07,0.0,0.02,0.1,0.31,0.53,0.0,0.0,0.0,0.0,0.0,1.0,1.0,1.0,1.0,1.0,0.0,0.0,0.0,0.0,0.0,0.0,0.0,0.0,0.0,0.0,0.9800000000000001,0.13749999999999998,0.0,0.0,0.3666666666666667,0.3666666666666667,0.0,0.155,0.1776666666666667,0.13749999999999998,0.0,0.6591666666666667,0.14654761904761907,1,0,0,0,0,0,1,0.13749999999999998,0,0,0,0,0,0.155,0.031,0.13749999999999998,0,0.2925,0.04178571428571428,0,0.13166666666666668,Pass,/app/raw_data/subj01_timepoint02.mp4
74,0,2.4330000000000003,0.98,1,0.0,0.0,0.0,0.0,0.84,2.2,0.15,0.41,0.76,1.19,0.0,0.01,0.12,0.17,0.61,0.0,0.0,0.0,0.0,0.0,1.0,1.0,1.0,1.0,1.0,0.0,0.0,0.0,0.0,0.0,0.0,0.0,0.0,0.0,0.0,0.9800000000000001,0.13333333333333333,0.0,0.0,0.3666666666666667,0.3666666666666667,0.0,0.1625,0.17916666666666667,0.13333333333333333,0.0,0.6625,0.14702380952380953,1,0,0,0,0,0,1,0.13333333333333333,0,0,0,0,0,0.1625,0.0325,0.13333333333333333,0,0.29583333333333334,0.042261904761904764,0,0.12666666666666668,Pass,/app/raw_data/subj01_timepoint02.mp4
75,0,2.467,0.98,1,0.0,0.0,0.0,0.0,0.82,2.28,0.18,0.36,0.72,1.22,0.03,0.01,0.15,0.13,0.75,0.0,0.0,0.0,0.0,0.0,1.0,1.0,1.0,1.0,1.0,0.0,0.0,0.0,0.0,0.0,0.0,0.0,0.0,0.0,0.0,0.9800000000000001,0.12833333333333333,0.0,0.0,0.37999999999999995,0.37999999999999995,0.0,0.16166666666666665,0.1843333333333333,0.12833333333333333,0.0,0.6699999999999999,0.14999999999999997,1,0,0,0,0,0,1,0.12833333333333333,0,0,0,0,0,0.16166666666666665,0.03233333333333333,0.12833333333333333,0,0.29,0.041428571428571426,0,0.12,Pass,/app/raw_data/subj01_timepoint02.mp4
76,0,2.5,0.98,1,0.0,0.0,0.0,0.0,0.81,2.36,0.17,0.32,0.68,1.15,0.03,0.01,0.07,0.06,0.72,0.0,0.0,0.0,0.0,0.0,1.0,1.0,1.0,1.0,1.0,0.0,0.0,0.0,0.0,0.0,0.0,0.0,0.0,0.0,0.0,0.9800000000000001,0.12416666666666669,0.0,0.0,0.3933333333333333,0.3933333333333333,0.0,0.1525,0.18783333333333332,0.12416666666666669,0.0,0.6699999999999999,0.1519047619047619,1,0,0,0,0,0,1,0.12416666666666669,0,0,0,0,0,0.1525,0.0305,0.12416666666666669,0,0.27666666666666667,0.039523809523809524,0,0.11333333333333334,Pass,/app/raw_data/subj01_timepoint02.mp4
77,0,2.533,0.98,1,0.02,0.0,0.0,0.0,0.8,2.46,0.11,0.35,0.69,1.16,0.05,0.0,0.12,0.09,0.9,0.0,0.0,0.0,0.0,0.0,1.0,1.0,1.0,1.0,1.0,0.0,0.0,0.0,0.0,0.0,0.0,0.0,0.0,0.0,0.0,0.9800000000000001,0.12416666666666666,0.0,0.0,0.41,0.41,0.0,0.15416666666666665,0.19483333333333333,0.12416666666666666,0.0,0.6883333333333334,0.15690476190476188,1,0,0,0,0,0,1,0.12416666666666666,0,0,0,0,0,0.15416666666666665,0.03083333333333333,0.12416666666666666,0,0.2783333333333333,0.03976190476190476,0,0.11499999999999999,Pass,/app/raw_data/subj01_timepoint02.mp4
78,0,2.5669999999999997,0.98,1,0.03,0.0,0.0,0.0,0.76,2.5,0.07,0.46,0.74,1.19,0.02,0.0,0.12,0.12,0.94,0.0,0.0,0.0,0.0,0.0,1.0,1.0,1.0,1.0,1.0,0.0,0.0,0.0,0.0,0.0,0.0,0.0,0.0,0.0,0.0,0.9800000000000001,0.125,0.0,0.0,0.4166666666666667,0.4166666666666667,0.0,0.16083333333333333,0.19883333333333333,0.125,0.0,0.7025000000000001,0.1598809523809524,1,0,0,0,0,0,1,0.125,0,0,0,0,0,0.16083333333333333,0.03216666666666666,0.125,0,0.28583333333333333,0.04083333333333333,0,0.12333333333333334,Pass,/app/raw_data/subj01_timepoint02.mp4
79,0,2.6,0.98,1,0.04,0.0,0.0,0.0,0.74,2.52,0.04,0.54,0.77,1.28,0.02,0.06,0.11,0.09,1.1,0.0,0.0,0.0,0.0,0.0,1.0,1.0,1.0,1.0,1.0,0.0,0.0,0.0,0.0,0.0,0.0,0.0,0.0,0.0,0.01,0.9800000000000001,0.12583333333333332,0.0,0.0,0.42,0.42,0.0,0.1708333333333333,0.20216666666666666,0.12583333333333332,0.0,0.7166666666666666,0.16238095238095238,1,0,0,0,0,0,1,0.12583333333333332,0,0,0,0,0,0.1708333333333333,0.034166666666666665,0.12583333333333332,0,0.29666666666666663,0.04238095238095237,0,0.12833333333333333,Pass,/app/raw_data/subj01_timepoint02.mp4
80,0,2.633,0.98,1,0.02,0.0,0.0,0.0,0.77,2.43,0.04,0.61,0.78,1.27,0.0,0.09,0.04,0.07,1.0,0.0,0.0,0.0,0.0,0.0,1.0,1.0,1.0,1.0,1.0,0.0,0.0,0.0,0.0,0.0,0.0,0.0,0.0,0.0,0.02,0.9800000000000001,0.12916666666666668,0.0,0.0,0.405,0.405,0.0,0.1708333333333333,0.19616666666666666,0.12916666666666668,0.0,0.705,0.15857142857142859,1,0,0,0,0,0,1,0.12916666666666668,0,0,0,0,0,0.1708333333333333,0.034166666666666665,0.12916666666666668,0,0.3,0.04285714285714286,0,0.13,Pass,/app/raw_data/subj01_timepoint02.mp4
81,0,2.667,0.98,1,0.03,0.0,0.0,0.0,0.84,2.31,0.06,0.63,0.75,1.27,0.05,0.09,0.02,0.01,0.78,0.0,0.0,0.0,0.0,0.0,1.0,1.0,1.0,1.0,1.0,0.0,0.0,0.0,0.0,0.0,0.0,0.0,0.0,0.0,0.02,0.9800000000000001,0.13249999999999998,0.0,0.0,0.385,0.385,0.0,0.16833333333333333,0.18766666666666668,0.13249999999999998,0.0,0.6858333333333333,0.15297619047619046,1,0,0,0,0,0,1,0.13249999999999998,0,0,0,0,0,0.16833333333333333,0.033666666666666664,0.13249999999999998,0,0.3008333333333333,0.042976190476190466,0,0.125,Pass,/app/raw_data/subj01_timepoint02.mp4
82,0,2.7,0.98,1,0.04,0.0,0.0,0.0,0.87,2.26,0.05,0.72,0.78,1.14,0.05,0.04,0.0,0.01,0.64,0.0,0.0,0.0,0.0,0.0,1.0,1.0,1.0,1.0,1.0,0.0,0.0,0.0,0.0,0.0,0.0,0.0,0.0,0.0,0.0,0.9800000000000001,0.13749999999999998,0.0,0.0,0.37666666666666665,0.37666666666666665,0.0,0.16,0.18266666666666667,0.13749999999999998,0.0,0.6741666666666667,0.15011904761904762,1,0,0,0,0,0,1,0.13749999999999998,0,0,0,0,0,0.16,0.032,0.13749999999999998,0,0.2975,0.042499999999999996,0,0.13,Pass,/app/raw_data/subj01_timepoint02.mp4
83,0,2.733,0.98,1,0.06,0.0,0.0,0.0,0.91,2.43,0.05,0.75,0.78,1.1,0.05,0.01,0.02,0.0,0.48,0.0,0.0,0.0,0.0,0.0,1.0,1.0,1.0,1.0,1.0,0.0,0.0,0.0,0.0,0.0,0.0,0.0,0.0,0.0,0.0,0.9800000000000001,0.14083333333333334,0.0,0.0,0.405,0.405,0.0,0.15666666666666668,0.19333333333333336,0.14083333333333334,0.0,0.7025000000000001,0.15821428571428572,1,0,0,0,0,0,1,0.14083333333333334,0,0,0,0,0,0.15666666666666668,0.03133333333333334,0.14083333333333334,0,0.2975,0.042499999999999996,0,0.13,Pass,/app/raw_data/subj01_timepoint02.mp4
84,0,2.767,0.98,1,0.04,0.0,0.0,0.0,0.9,2.57,0.0,0.86,0.83,1.05,0.0,0.01,0.02,0.02,0.56,0.0,0.0,0.0,0.0,0.0,1.0,1.0,1.0,1.0,1.0,0.0,0.0,0.0,0.0,0.0,0.0,0.0,0.0,0.0,0.0,0.9800000000000001,0.14416666666666667,0.0,0.0,0.4283333333333333,0.4283333333333333,0.0,0.15666666666666665,0.20266666666666663,0.14416666666666667,0.0,0.7291666666666666,0.16535714285714284,1,0,0,0,0,0,1,0.14416666666666667,0,0,0,0,0,0.15666666666666665,0.03133333333333333,0.14416666666666667,0,0.3008333333333333,0.042976190476190466,0,0.13833333333333334,Pass,/app/raw_data/subj01_timepoint02.mp4
85,0,2.8,0.98,1,0.02,0.0,0.0,0.0,0.96,2.81,0.0,0.96,0.86,1.16,0.0,0.0,0.02,0.03,0.49,0.0,0.0,0.0,0.0,0.0,1.0,1.0,1.0,1.0,1.0,0.0,0.0,0.0,0.0,0.0,0.0,0.0,0.0,0.0,0.0,0.9800000000000001,0.15166666666666664,0.0,0.0,0.4683333333333333,0.4683333333333333,0.0,0.16833333333333333,0.221,0.15166666666666664,0.0,0.7883333333333333,0.17952380952380956,1,0,0,0,0,0,1,0.15166666666666664,0,0,0,0,0,0.16833333333333333,0.033666666666666664,0.15166666666666664,0,0.31999999999999995,0.04571428571428571,0,0.14333333333333334,Pass,/app/raw_data/subj01_timepoint02.mp4
86,0,2.833,0.98,1,0.0,0.0,0.0,0.01,1.01,2.83,0.0,1.16,0.87,1.21,0.0,0.01,0.0,0.03,0.43,0.0,0.0,0.0,0.0,0.0,1.0,1.0,1.0,1.0,1.0,0.0,0.0,0.0,0.0,0.0,0.0,0.0,0.0,0.0,0.03,0.9800000000000001,0.15666666666666665,0.0,0.0,0.4716666666666667,0.4716666666666667,0.0,0.17333333333333334,0.22333333333333333,0.15666666666666665,0.0,0.8016666666666666,0.18190476190476193,1,0,0,0,0,0,1,0.15666666666666665,0,0,0,0,0,0.17333333333333334,0.034666666666666665,0.15666666666666665,0,0.32999999999999996,0.04714285714285714,0,0.145,Pass,/app/raw_data/subj01_timepoint02.mp4
87,0,2.867,0.98,1,0.0,0.0,0.0,0.01,1.01,2.85,0.0,1.31,0.87,1.37,0.02,0.07,0.0,0.02,0.33,0.0,0.0,0.0,0.0,0.0,1.0,1.0,1.0,1.0,1.0,0.0,0.0,0.0,0.0,0.0,0.0,0.0,0.0,0.0,0.1,0.9800000000000001,0.15666666666666665,0.0,0.0,0.47500000000000003,0.47500000000000003,0.0,0.18666666666666668,0.22733333333333333,0.15666666666666665,0.0,0.8183333333333334,0.18476190476190477,1,0,0,0,0,0,1,0.15666666666666665,0,0,0,0,0,0.18666666666666668,0.037333333333333336,0.15666666666666665,0,0.3433333333333333,0.04904761904761905,0,0.145,Pass,/app/raw_data/subj01_timepoint02.mp4
88,0,2.9,0.98,1,0.0,0.1,0.0,0.01,1.01,2.5,0.0,1.38,0.78,1.42,0.02,0.08,0.0,0.0,0.21,0.0,0.0,0.0,0.0,0.0,1.0,1.0,1.0,1.0,1.0,0.0,0.0,0.0,0.0,0.0,0.0,0.0,0.0,0.0,0.1,0.9800000000000001,0.14916666666666667,0.0,0.0,0.4166666666666667,0.4166666666666667,0.0,0.18333333333333335,0.2033333333333333,0.14916666666666667,0.0,0.7491666666666668,0.16654761904761908,1,0,0,0,0,0,1,0.14916666666666667,0,0,0,0,0,0.18333333333333335,0.03666666666666667,0.14916666666666667,0,0.3325,0.0475,0,0.13,Pass,/app/raw_data/subj01_timepoint02.mp4
89,0,2.9330000000000003,0.98,1,0.0,0.16,0.0,0.0,0.98,2.23,0.0,1.34,0.79,1.55,0.02,0.13,0.0,0.01,0.24,0.0,0.0,0.0,0.0,0.0,1.0,1.0,1.0,1.0,1.0,0.0,0.0,0.0,0.0,0.0,0.0,0.0,0.0,0.0,0.1,0.9800000000000001,0.1475,0.0,0.0,0.37166666666666665,0.37166666666666665,0.0,0.19499999999999998,0.18766666666666665,0.1475,0.0,0.7141666666666666,0.15511904761904763,1,0,0,0,0,0,1,0.1475,0,0,0,0,0,0.19499999999999998,0.03899999999999999,0.1475,0,0.34249999999999997,0.048928571428571425,0,0.13166666666666668,Pass,/app/raw_data/subj01_timepoint02.mp4
90,0,2.967,0.98,1,0.0,0.25,0.0,0.0,1.0,2.07,0.0,1.43,0.78,1.47,0.0,0.19,0.0,0.01,0.12,0.11,0.0,1.0,0.0,0.0,1.0,1.0,1.0,1.0,1.0,0.0,0.0,0.0,0.0,0.0,0.0,0.0,0.0,0.0,0.11,0.9800000000000001,0.14833333333333334,0.0,0.041666666666666664,0.19333333333333333,0.345,0.0,0.1875,0.14516666666666667,0.14833333333333334,0.041666666666666664,0.7224999999999999,0.13083333333333333,1,0,0,0,0,0,1,0.14833333333333334,0,0,0,0,0,0.1875,0.0375,0.14833333333333334,0,0.3358333333333333,0.04797619047619047,0,0.08583333333333333,Pass,/app/raw_data/subj01_timepoint02.mp4
91,0,3.0,0.98,1,0.0,0.25,0.0,0.0,0.96,2.18,0.0,1.52,0.82,1.48,0.02,0.25,0.0,0.01,0.12,0.24,0.0,1.0,0.0,0.0,1.0,1.0,1.0,1.0,1.0,0.0,0.0,0.0,0.0,0.0,0.0,0.0,0.0,0.0,0.15,0.9800000000000001,0.14833333333333332,0.0,0.041666666666666664,0.2025,0.36333333333333334,0.0,0.19166666666666665,0.15150000000000002,0.14833333333333332,0.041666666666666664,0.745,0.13535714285714287,1,0,0,0,0,0,1,0.14833333333333332,0,0,0,0,0,0.19166666666666665,0.03833333333333333,0.14833333333333332,0,0.33999999999999997,0.048571428571428564,0,0.08916666666666666,Pass,/app/raw_data/subj01_timepoint02.mp4
92,0,3.033,0.98,1,0.0,0.22,0.0,0.0,0.98,2.21,0.04,1.67,0.79,1.51,0.02,0.37,0.0,0.0,0.03,0.27,0.0,1.0,0.0,0.0,1.0,1.0,1.0,1.0,1.0,0.0,0.0,0.0,0.0,0.0,0.0,0.0,0.0,0.0,0.12,0.9800000000000001,0.1475,0.0,0.03666666666666667,0.2025,0.36833333333333335,0.0,0.19166666666666665,0.1525,0.1475,0.03666666666666667,0.7441666666666666,0.13523809523809524,1,0,0,0,0,0,1,0.1475,0,0,0,0,0,0.19166666666666665,0.03833333333333333,0.1475,0,0.3391666666666666,0.04845238095238095,0,0.08416666666666667,Pass,/app/raw_data/subj01_timepoint02.mp4
93,0,3.0669999999999997,0.98,1,0.0,0.13,0.0,0.0,0.97,2.19,0.1,1.6,0.81,1.61,0.04,0.3,0.0,0.05,0.03,0.23,0.0,1.0,0.0,0.0,1.0,1.0,1.0,1.0,1.0,0.0,0.0,0.0,0.0,0.0,0.0,0.0,0.0,0.0,0.09,0.9800000000000001,0.14833333333333334,0.0,0.021666666666666667,0.19333333333333333,0.365,0.0,0.20166666666666666,0.152,0.14833333333333334,0.021666666666666667,0.7366666666666667,0.13285714285714284,1,0,0,0,0,0,1,0.14833333333333334,0,0,0,0,0,0.20166666666666666,0.04033333333333333,0.14833333333333334,0,0.35,0.049999999999999996,0,0.07833333333333334,Pass,/app/raw_data/subj01_timepoint02.mp4
94,0,3.1,0.98,1,0.0,0.14,0.0,0.0,0.98,2.24,0.13,1.49,0.83,1.53,0.03,0.34,0.0,0.08,0.07,0.1,0.0,1.0,0.0,0.0,1.0,1.0,1.0,1.0,1.0,0.0,0.0,0.0,0.0,0.0,0.0,0.0,0.0,0.0,0.17,0.9800000000000001,0.15083333333333335,0.0,0.023333333333333334,0.19833333333333336,0.37333333333333335,0.0,0.19666666666666666,0.15366666666666667,0.15083333333333335,0.023333333333333334,0.7441666666666668,0.13464285714285715,1,0,0,0,0,0,1,0.15083333333333335,0,0,0,0,0,0.19666666666666666,0.03933333333333333,0.15083333333333335,0,0.34750000000000003,0.04964285714285715,0,0.08083333333333333,Pass,/app/raw_data/subj01_timepoint02.mp4
95,0,3.133,0.98,1,0.04,0.2,0.0,0.0,0.99,2.29,0.12,1.46,0.86,1.55,0.07,0.33,0.0,0.17,0.05,0.13,0.0,1.0,0.0,0.0,1.0,1.0,1.0,1.0,1.0,0.0,0.0,0.0,0.0,0.0,0.0,0.0,0.0,0.0,0.24,0.9800000000000001,0.15416666666666667,0.0,0.03333333333333333,0.20750000000000002,0.38166666666666665,0.0,0.20083333333333334,0.15799999999999997,0.15416666666666667,0.03333333333333333,0.7699999999999999,0.13964285714285712,1,0,0,0,0,0,1,0.15416666666666667,0,0,0,0,0,0.20083333333333334,0.04016666666666667,0.15416666666666667,0,0.355,0.05071428571428571,0,0.08833333333333333,Pass,/app/raw_data/subj01_timepoint02.mp4
96,0,3.167,0.98,1,0.09,0.27,0.0,0.0,1.01,2.19,0.11,1.49,0.85,1.56,0.06,0.42,0.0,0.22,0.05,0.15,0.0,1.0,0.0,0.0,1.0,1.0,1.0,1.0,1.0,0.0,0.0,0.0,0.0,0.0,0.0,0.0,0.0,0.0,0.29,0.9800000000000001,0.155,0.0,0.045000000000000005,0.205,0.365,0.0,0.20083333333333334,0.15416666666666665,0.155,0.045000000000000005,0.7658333333333333,0.1386904761904762,1,0,0,0,0,0,1,0.155,0,0,0,0,0,0.20083333333333334,0.04016666666666667,0.155,0,0.35583333333333333,0.050833333333333335,0,0.09333333333333334,Pass,/app/raw_data/subj01_timepoint02.mp4
97,0,3.2,0.98,1,0.09,0.25,0.0,0.0,1.0,2.11,0.09,1.57,0.91,1.54,0.06,0.34,0.0,0.34,0.0,0.17,0.0,1.0,0.0,0.0,1.0,1.0,1.0,1.0,1.0,0.0,0.0,0.0,0.0,0.0,0.0,0.0,0.0,0.0,0.28,0.9800000000000001,0.15916666666666668,0.0,0.041666666666666664,0.19666666666666666,0.3516666666666666,0.0,0.2041666666666667,0.15050000000000002,0.15916666666666668,0.041666666666666664,0.7566666666666667,0.13619047619047617,1,0,0,0,0,0,1,0.15916666666666668,0,0,0,0,0,0.2041666666666667,0.04083333333333334,0.15916666666666668,0,0.3633333333333334,0.05190476190476191,0,0.09666666666666668,Pass,/app/raw_data/subj01_timepoint02.mp4
98,0,3.233,0.98,1,0.08,0.25,0.0,0.0,1.01,2.0,0.11,1.53,0.98,1.44,0.03,0.27,0.0,0.34,0.0,0.14,0.0,1.0,0.0,0.0,1.0,1.0,1.0,1.0,1.0,1.0,0.0,0.0,0.0,0.0,0.0,0.0,0.0,0.0,0.26,0.9800000000000001,0.16583333333333333,0.005,0.041666666666666664,0.1875,0.3333333333333333,0.005,0.20166666666666666,0.14650000000000002,0.16583333333333333,0.041666666666666664,0.7474999999999999,0.13428571428571429,1,0,0,0,0,0,1,0.16583333333333333,0,0,0,0,0,0.20166666666666666,0.04033333333333333,0.16583333333333333,0,0.3675,0.0525,0,0.1025,Pass,/app/raw_data/subj01_timepoint02.mp4
99,0,3.267,0.98,1,0.12,0.26,0.0,0.0,1.0,2.13,0.06,1.5,1.03,1.37,0.09,0.26,0.0,0.29,0.0,0.08,0.0,1.0,0.0,0.0,1.0,1.0,1.0,1.0,1.0,1.0,0.0,0.0,0.0,0.0,0.0,0.0,0.0,0.0,0.2,0.9800000000000001,0.1691666666666667,0.015,0.043333333333333335,0.19916666666666663,0.355,0.015,0.20000000000000004,0.15683333333333332,0.1691666666666667,0.043333333333333335,0.7825000000000001,0.14238095238095239,1,0,0,0,0,0,1,0.1691666666666667,0,0,0,0,0,0.20000000000000004,0.04000000000000001,0.1691666666666667,0,0.36916666666666675,0.05273809523809525,0,0.1075,Pass,/app/raw_data/subj01_timepoint02.mp4
100,0,3.3,0.98,1,0.12,0.27,0.0,0.0,1.02,2.11,0.11,1.45,0.99,1.38,0.09,0.37,0.0,0.28,0.0,0.16,0.0,1.0,0.0,0.0,1.0,1.0,1.0,1.0,1.0,1.0,0.0,0.0,0.0,0.0,0.0,0.0,0.0,0.0,0.09,0.9800000000000001,0.16749999999999998,0.015,0.045000000000000005,0.19833333333333333,0.3516666666666666,0.015,0.1975,0.1555,0.16749999999999998,0.045000000000000005,0.7766666666666666,0.14142857142857143,1,0,0,0,0,0,1,0.16749999999999998,0,0,0,0,0,0.1975,0.0395,0.16749999999999998,0,0.365,0.052142857142857144,0,0.105,Pass,/app/raw_data/subj01_timepoint02.mp4
101,0,3.333,0.98,1,0.08,0.19,0.0,0.0,0.99,2.18,0.13,1.38,0.91,1.32,0.06,0.35,0.0,0.26,0.0,0.12,0.0,1.0,0.0,0.0,1.0,1.0,1.0,1.0,1.0,0.0,0.0,0.0,0.0,0.0,0.0,0.0,0.0,0.0,0.05,0.9800000000000001,0.15833333333333333,0.0,0.03166666666666667,0.1975,0.36333333333333334,0.0,0.18583333333333332,0.14933333333333332,0.15833333333333333,0.03166666666666667,0.7391666666666666,0.1338095238095238,1,0,0,0,0,0,1,0.15833333333333333,0,0,0,0,0,0.18583333333333332,0.03716666666666667,0.15833333333333333,0,0.3441666666666666,0.04916666666666666,0,0.09166666666666667,Pass,/app/raw_data/subj01_timepoint02.mp4
102,0,3.367,0.98,1,0.0,0.16,0.0,0.0,0.99,2.12,0.15,1.34,0.85,1.26,0.13,0.34,0.0,0.24,0.0,0.1,0.0,1.0,0.0,0.0,1.0,1.0,1.0,1.0,1.0,0.0,0.0,0.0,0.0,0.0,0.0,0.0,0.0,0.0,0.0,0.9800000000000001,0.15333333333333332,0.0,0.02666666666666667,0.19000000000000003,0.35333333333333333,0.0,0.1758333333333333,0.1438333333333333,0.15333333333333332,0.02666666666666667,0.7091666666666666,0.12845238095238096,1,0,0,0,0,0,1,0.15333333333333332,0,0,0,0,0,0.1758333333333333,0.035166666666666666,0.15333333333333332,0,0.3291666666666666,0.047023809523809516,0,0.08416666666666667,Pass,/app/raw_data/subj01_timepoint02.mp4
103,0,3.4,0.98,1,0.0,0.12,0.0,0.0,0.95,2.13,0.07,1.32,0.82,1.13,0.18,0.33,0.0,0.16,0.0,0.0,0.0,0.0,0.0,0.0,1.0,1.0,1.0,1.0,1.0,0.0,0.0,0.0,0.0,0.0,0.0,0.0,0.0,0.0,0.0,0.9800000000000001,0.1475,0.0,0.0,0.355,0.355,0.0,0.16249999999999998,0.1745,0.1475,0.0,0.6649999999999999,0.1457142857142857,1,0,0,0,0,0,1,0.1475,0,0,0,0,0,0.16249999999999998,0.032499999999999994,0.1475,0,0.30999999999999994,0.044285714285714275,0,0.13666666666666666,Pass,/app/raw_data/subj01_timepoint02.mp4
104,0,3.4330000000000003,0.98,1,0.0,0.1,0.0,0.03,0.91,2.09,0.02,1.28,0.81,1.01,0.18,0.37,0.0,0.08,0.0,0.05,0.0,0.0,0.0,0.0,1.0,1.0,1.0,1.0,1.0,0.0,0.0,0.0,0.0,0.0,0.0,0.0,0.0,0.0,0.0,0.9800000000000001,0.14333333333333334,0.0,0.0,0.34833333333333333,0.34833333333333333,0.0,0.15166666666666667,0.1696666666666667,0.14333333333333334,0.0,0.6433333333333333,0.14166666666666666,1,0,0,0,0,0,1,0.14333333333333334,0,0,0,0,0,0.15166666666666667,0.030333333333333334,0.14333333333333334,0,0.29500000000000004,0.04214285714285715,0,0.135,Pass,/app/raw_data/subj01_timepoint02.mp4
105,0,3.467,0.98,1,0.0,0.04,0.0,0.03,0.87,2.03,0.0,1.23,0.81,0.92,0.09,0.34,0.0,0.06,0.0,0.14,0.0,0.0,0.0,0.0,1.0,1.0,1.0,1.0,1.0,0.0,0.0,0.0,0.0,0.0,0.0,0.0,0.0,0.0,0.0,0.9800000000000001,0.14,0.0,0.0,0.3383333333333333,0.3383333333333333,0.0,0.14416666666666667,0.16416666666666666,0.14,0.0,0.6225,0.13726190476190475,1,0,0,0,0,0,1,0.14,0,0,0,0,0,0.14416666666666667,0.028833333333333332,0.14,0,0.2841666666666667,0.040595238095238094,0,0.135,Pass,/app/raw_data/subj01_timepoint02.mp4
106,0,3.5,0.98,1,0.0,0.0,0.0,0.03,0.81,1.86,0.0,1.13,0.83,1.04,0.08,0.31,0.0,0.0,0.04,0.16,0.0,0.0,0.0,0.0,1.0,1.0,1.0,1.0,1.0,0.0,0.0,0.0,0.0,0.0,0.0,0.0,0.0,0.0,0.0,0.9800000000000001,0.1366666666666667,0.0,0.0,0.31,0.31,0.0,0.15583333333333335,0.15516666666666667,0.1366666666666667,0.0,0.6025,0.13035714285714287,1,0,0,0,0,0,1,0.1366666666666667,0,0,0,0,0,0.15583333333333335,0.03116666666666667,0.1366666666666667,0,0.29250000000000004,0.041785714285714294,0,0.13833333333333334,Pass,/app/raw_data/subj01_timepoint02.mp4
107,0,3.533,0.98,1,0.0,0.01,0.0,0.03,0.75,1.66,0.0,1.05,0.79,1.05,0.12,0.25,0.0,0.0,0.04,0.18,0.0,0.0,0.0,0.0,1.0,1.0,1.0,1.0,1.0,0.0,0.0,0.0,0.0,0.0,0.0,0.0,0.0,0.0,0.0,0.9800000000000001,0.12833333333333333,0.0,0.0,0.27666666666666667,0.27666666666666667,0.0,0.15333333333333335,0.14133333333333334,0.12833333333333333,0.0,0.5583333333333333,0.11928571428571429,1,0,0,0,0,0,1,0.12833333333333333,0,0,0,0,0,0.15333333333333335,0.03066666666666667,0.12833333333333333,0,0.2816666666666667,0.04023809523809524,0,0.13166666666666668,Pass,/app/raw_data/subj01_timepoint02.mp4
108,0,3.5669999999999997,0.98,1,0.02,0.01,0.0,0.03,0.66,1.54,0.0,0.98,0.82,0.96,0.14,0.3,0.0,0.03,0.04,0.29,0.0,0.0,0.0,0.0,1.0,1.0,1.0,1.0,1.0,0.0,0.0,0.0,0.0,0.0,0.0,0.0,0.0,0.0,0.02,0.9800000000000001,0.12333333333333334,0.0,0.0,0.25666666666666665,0.25666666666666665,0.0,0.14833333333333332,0.13233333333333333,0.12333333333333334,0.0,0.5283333333333333,0.11214285714285714,1,0,0,0,0,0,1,0.12333333333333334,0,0,0,0,0,0.14833333333333332,0.029666666666666664,0.12333333333333334,0,0.27166666666666667,0.03880952380952381,0,0.13666666666666666,Pass,/app/raw_data/subj01_timepoint02.mp4
109,0,3.6,0.98,1,0.08,0.01,0.0,0.03,0.61,1.42,0.0,0.92,0.87,0.74,0.17,0.27,0.0,0.11,0.06,0.28,0.0,0.0,0.0,0.0,0.0,0.0,1.0,1.0,1.0,0.0,0.0,0.0,0.0,0.0,0.0,0.0,0.0,0.0,0.14,0.9800000000000001,0.145,0.0,0.0,0.0,0.0,0.0,0.13416666666666666,0.02683333333333333,0.145,0.0,0.2791666666666667,0.039880952380952385,0,0,0,0,0,0,1,0.0,0,0,0,0,0,0.13416666666666666,0.02683333333333333,0.0,0,0.13416666666666666,0.019166666666666665,0,0.145,Pass,/app/raw_data/subj01_timepoint02.mp4
110,0,3.633,0.98,1,0.09,0.0,0.0,0.0,0.56,1.32,0.0,0.83,1.01,0.71,0.25,0.4,0.0,0.3,0.15,0.22,0.0,0.0,0.0,0.0,0.0,0.0,1.0,1.0,1.0,0.0,0.0,0.0,0.0,0.0,0.0,0.0,0.0,0.0,0.28,0.9800000000000001,0.16833333333333333,0.0,0.0,0.0,0.0,0.0,0.14333333333333334,0.028666666666666667,0.16833333333333333,0.0,0.31166666666666665,0.04452380952380952,0,0,0,0,0,0,1,0.0,0,0,0,0,0,0.14333333333333334,0.028666666666666667,0.0,0,0.14333333333333334,0.020476190476190478,0,0.16833333333333333,Pass,/app/raw_data/subj01_timepoint02.mp4
111,0,3.667,0.98,1,0.1,0.0,0.0,0.0,0.48,1.23,0.0,0.8,1.11,0.74,0.33,0.43,0.0,0.41,0.16,0.01,0.0,0.0,0.0,0.0,0.0,0.0,1.0,1.0,1.0,0.0,0.0,0.0,0.0,0.0,0.0,0.0,0.0,0.0,0.41,0.9800000000000001,0.18500000000000003,0.0,0.0,0.0,0.0,0.0,0.15416666666666667,0.030833333333333334,0.18500000000000003,0.0,0.3391666666666667,0.04845238095238096,0,0,0,0,0,0,1,0.0,0,0,0,0,0,0.15416666666666667,0.030833333333333334,0.0,0,0.15416666666666667,0.022023809523809525,0,0.18500000000000003,Pass,/app/raw_data/subj01_timepoint02.mp4
112,0,3.7,0.98,1,0.05,0.0,0.0,0.0,0.46,1.08,0.0,0.82,1.1,0.84,0.4,0.5,0.01,0.44,0.1,0.02,0.0,0.0,0.0,0.0,0.0,0.0,1.0,1.0,1.0,0.0,0.0,0.0,0.0,0.0,0.0,0.0,0.0,0.0,0.32,0.9800000000000001,0.18333333333333335,0.0,0.0,0.0,0.0,0.0,0.16166666666666665,0.03233333333333333,0.18333333333333335,0.0,0.345,0.04928571428571428,0,0,0,0,0,0,1,0.0,0,0,0,0,0,0.16166666666666665,0.03233333333333333,0.0,0,0.16166666666666665,0.023095238095238092,0,0.18333333333333335,Pass,/app/raw_data/subj01_timepoint02.mp4
113,0,3.733,0.98,1,0.12,0.06,0.0,0.0,0.41,1.05,0.0,0.67,1.15,0.8,0.48,0.46,0.1,0.47,0.05,0.05,1.0,0.0,0.0,0.0,0.0,0.0,1.0,1.0,1.0,0.0,0.0,0.0,0.0,0.0,0.0,0.0,0.0,0.0,0.24,0.9800000000000001,0.19166666666666665,0.02,0.02,0.02,0.0,0.0,0.1625,0.0405,0.19166666666666665,0.02,0.37416666666666665,0.059166666666666666,0,0,0,0,0,0,1,0.0,0,0,0,0,0,0.1625,0.0325,0.0,0,0.1625,0.023214285714285715,0,0.10583333333333333,Pass,/app/raw_data/subj01_timepoint02.mp4
114,0,3.767,0.98,1,0.2,0.06,0.0,0.0,0.42,1.15,0.0,0.61,1.19,0.74,0.53,0.48,0.13,0.56,0.06,0.05,1.0,0.0,0.0,0.0,0.0,0.0,1.0,1.0,1.0,0.0,0.0,0.0,0.0,0.0,0.0,0.0,0.0,0.0,0.15,0.9800000000000001,0.19833333333333333,0.03333333333333333,0.03333333333333333,0.03333333333333333,0.0,0.0,0.16083333333333333,0.0455,0.19833333333333333,0.03333333333333333,0.39249999999999996,0.0655952380952381,0,0,0,0,0,0,1,0.0,0,0,0,0,0,0.16083333333333333,0.03216666666666666,0.0,0,0.16083333333333333,0.022976190476190476,0,0.11583333333333333,Pass,/app/raw_data/subj01_timepoint02.mp4
115,0,3.8,0.98,1,0.38,0.06,0.0,0.0,0.42,1.35,0.0,0.55,1.23,0.71,0.55,0.55,0.18,0.57,0.06,0.02,1.0,0.0,0.0,0.0,0.0,0.0,1.0,1.0,1.0,0.0,0.0,0.0,0.0,0.0,0.0,0.0,0.0,0.0,0.2,0.9800000000000001,0.205,0.06333333333333334,0.06333333333333334,0.06333333333333334,0.0,0.0,0.16166666666666665,0.057666666666666665,0.205,0.06333333333333334,0.42999999999999994,0.07952380952380952,0,0,0,0,0,0,1,0.0,0,0,0,0,0,0.16166666666666665,0.03233333333333333,0.0,0,0.16166666666666665,0.023095238095238092,0,0.13416666666666666,Pass,/app/raw_data/subj01_timepoint02.mp4
116,0,3.833,0.98,1,0.45,0.0,0.0,0.0,0.5,1.41,0.0,0.63,1.17,0.8,0.41,0.56,0.19,0.45,0.02,0.0,1.0,0.0,0.0,0.0,0.0,0.0,1.0,1.0,1.0,0.0,0.0,0.0,0.0,0.0,0.0,0.0,0.0,0.0,0.14,0.9800000000000001,0.19499999999999998,0.075,0.075,0.075,0.0,0.0,0.16416666666666666,0.06283333333333332,0.19499999999999998,0.075,0.4341666666666666,0.08345238095238094,0,0,0,0,0,0,1,0.0,0,0,0,0,0,0.16416666666666666,0.03283333333333333,0.0,0,0.16416666666666666,0.02345238095238095,0,0.13499999999999998,Pass,/app/raw_data/subj01_timepoint02.mp4
117,0,3.867,0.98,1,0.55,0.0,0.0,0.08,0.58,1.19,0.0,0.53,1.11,0.75,0.3,0.67,0.27,0.22,0.0,0.0,1.0,0.0,0.0,0.0,1.0,0.0,1.0,1.0,1.0,0.0,1.0,0.0,0.0,0.0,0.0,0.0,0.0,0.0,0.08,0.9800000000000001,0.14083333333333334,0.09166666666666667,0.09166666666666667,0.09166666666666667,0.0,0.0,0.155,0.06766666666666668,0.14083333333333334,0.09166666666666667,0.3875,0.08154761904761906,1,0,0,0,0,0,1,0.14083333333333334,0,0,0,0,0,0.155,0.031,0.14083333333333334,0,0.29583333333333334,0.042261904761904764,0,0.13833333333333334,Pass,/app/raw_data/subj01_timepoint02.mp4
118,0,3.9,0.98,1,0.47,0.0,0.0,0.08,0.66,1.22,0.0,0.53,1.09,0.74,0.29,0.72,0.42,0.14,0.0,0.0,1.0,0.0,0.0,0.0,1.0,1.0,1.0,1.0,1.0,0.0,1.0,0.0,0.0,0.0,0.0,0.0,0.0,0.0,0.0,0.9800000000000001,0.14583333333333334,0.07833333333333332,0.07833333333333332,0.14083333333333334,0.20333333333333334,0.0,0.1525,0.11499999999999999,0.14583333333333334,0.07833333333333332,0.58,0.11416666666666667,1,0,0,0,0,0,1,0.14583333333333334,0,0,0,0,0,0.1525,0.0305,0.14583333333333334,0,0.29833333333333334,0.04261904761904762,0,0.13,Pass,/app/raw_data/subj01_timepoint02.mp4
119,0,3.9330000000000003,0.98,1,0.54,0.0,0.0,0.08,0.68,1.34,0.0,0.55,1.07,0.71,0.44,0.88,0.54,0.04,0.0,0.0,1.0,0.0,0.0,0.0,1.0,1.0,1.0,1.0,1.0,0.0,1.0,0.0,0.0,0.0,0.0,0.0,0.0,0.0,0.0,0.9800000000000001,0.14583333333333334,0.09000000000000001,0.09000000000000001,0.15666666666666668,0.22333333333333336,0.0,0.14833333333333334,0.12366666666666667,0.14583333333333334,0.09000000000000001,0.6075,0.12202380952380953,1,0,0,0,0,0,1,0.14583333333333334,0,0,0,0,0,0.14833333333333334,0.029666666666666668,0.14583333333333334,0,0.2941666666666667,0.042023809523809526,0,0.13416666666666668,Pass,/app/raw_data/subj01_timepoint02.mp4
120,0,3.967,0.98,1,0.53,0.0,0.0,0.0,0.77,1.59,0.0,0.66,1.06,0.81,0.53,0.83,0.51,0.05,0.0,0.0,1.0,0.0,0.0,0.0,1.0,1.0,1.0,1.0,1.0,0.0,1.0,0.0,0.0,0.0,0.0,0.0,0.0,0.0,0.0,0.9800000000000001,0.1525,0.08833333333333333,0.08833333333333333,0.17666666666666667,0.265,0.0,0.15583333333333335,0.1371666666666667,0.1525,0.08833333333333333,0.6616666666666667,0.1323809523809524,1,0,0,0,0,0,1,0.1525,0,0,0,0,0,0.15583333333333335,0.03116666666666667,0.1525,0,0.30833333333333335,0.04404761904761905,0,0.1325,Pass,/app/raw_data/subj01_timepoint02.mp4
121,0,4.0,0.98,1,0.59,0.01,0.0,0.0,0.77,1.67,0.0,0.68,1.04,0.77,0.54,0.82,0.48,0.01,0.0,0.0,1.0,0.0,0.0,0.0,1.0,1.0,1.0,1.0,1.0,0.0,1.0,0.0,0.0,0.0,0.0,0.0,0.0,0.0,0.0,0.9800000000000001,0.15083333333333335,0.09833333333333333,0.09833333333333333,0.18833333333333332,0.2783333333333333,0.0,0.15083333333333335,0.14316666666666666,0.15083333333333335,0.09833333333333333,0.6783333333333333,0.13785714285714287,1,0,0,0,0,0,1,0.15083333333333335,0,0,0,0,0,0.15083333333333335,0.030166666666666668,0.15083333333333335,0,0.3016666666666667,0.043095238095238096,0,0.13583333333333333,Pass,/app/raw_data/subj01_timepoint02.mp4
122,0,4.033,0.98,1,0.56,0.02,0.0,0.0,0.79,1.78,0.0,0.67,1.05,0.67,0.4,0.72,0.44,0.08,0.0,0.0,1.0,0.0,0.0,0.0,1.0,1.0,1.0,1.0,1.0,0.0,1.0,0.0,0.0,0.0,0.0,0.0,0.0,0.0,0.0,0.9800000000000001,0.15333333333333335,0.09333333333333334,0.09333333333333334,0.19499999999999998,0.2966666666666667,0.0,0.14333333333333334,0.14566666666666667,0.15333333333333335,0.09333333333333334,0.6866666666666668,0.1392857142857143,1,0,0,0,0,0,1,0.15333333333333335,0,0,0,0,0,0.14333333333333334,0.028666666666666667,0.15333333333333335,0,0.2966666666666667,0.04238095238095239,0,0.13416666666666668,Pass,/app/raw_data/subj01_timepoint02.mp4
123,0,4.067,0.98,1,0.57,0.1,0.0,0.0,0.67,1.81,0.03,0.52,1.02,0.65,0.47,0.65,0.5,0.18,0.0,0.1,1.0,0.0,0.0,0.0,1.0,1.0,1.0,1.0,1.0,0.0,1.0,0.0,0.0,0.0,0.0,0.0,0.0,0.0,0.0,0.9800000000000001,0.14083333333333334,0.09499999999999999,0.09499999999999999,0.19833333333333333,0.3016666666666667,0.0,0.13916666666666666,0.14683333333333332,0.14083333333333334,0.09499999999999999,0.6766666666666667,0.13857142857142857,1,0,0,0,0,0,1,0.14083333333333334,0,0,0,0,0,0.13916666666666666,0.02783333333333333,0.14083333333333334,0,0.28,0.04,0,0.13249999999999998,Pass,/app/raw_data/subj01_timepoint02.mp4
124,0,4.1,0.98,1,0.64,0.11,0.0,0.04,0.59,1.82,0.03,0.43,1.03,0.63,0.54,0.6,0.54,0.23,0.0,0.1,1.0,0.0,0.0,0.0,1.0,1.0,1.0,1.0,1.0,0.0,1.0,0.0,0.0,0.0,0.0,0.0,0.0,0.0,0.0,0.9800000000000001,0.135,0.10666666666666667,0.10666666666666667,0.205,0.30333333333333334,0.0,0.13833333333333334,0.15066666666666667,0.135,0.10666666666666667,0.6833333333333333,0.14214285714285715,1,0,0,0,0,0,1,0.135,0,0,0,0,0,0.13833333333333334,0.027666666666666666,0.135,0,0.2733333333333333,0.039047619047619046,0,0.13916666666666666,Pass,/app/raw_data/subj01_timepoint02.mp4
125,0,4.133,0.98,1,0.6,0.13,0.0,0.04,0.54,1.68,0.03,0.41,1.04,0.69,0.72,0.53,0.6,0.16,0.0,0.1,1.0,0.0,0.0,0.0,1.0,1.0,1.0,1.0,1.0,0.0,1.0,0.0,0.0,0.0,0.0,0.0,0.0,0.0,0.0,0.9800000000000001,0.13166666666666668,0.09999999999999999,0.09999999999999999,0.18999999999999997,0.27999999999999997,0.0,0.14416666666666667,0.1428333333333333,0.13166666666666668,0.09999999999999999,0.6558333333333334,0.1351190476190476,1,0,0,0,0,0,1,0.13166666666666668,0,0,0,0,0,0.14416666666666667,0.028833333333333332,0.13166666666666668,0,0.2758333333333334,0.03940476190476191,0,0.1366666666666667,Pass,/app/raw_data/subj01_timepoint02.mp4
126,0,4.167,0.98,1,0.58,0.05,0.0,0.04,0.57,1.66,0.0,0.51,1.06,0.72,0.73,0.58,0.5,0.09,0.0,0.04,1.0,0.0,0.0,0.0,0.0,1.0,1.0,1.0,1.0,0.0,1.0,0.0,0.0,0.0,0.0,0.0,0.0,0.0,0.0,0.9800000000000001,0.17666666666666667,0.09666666666666666,0.09666666666666666,0.18666666666666665,0.27666666666666667,0.0,0.14833333333333334,0.14166666666666666,0.17666666666666667,0.09666666666666666,0.6983333333333334,0.14023809523809522,0,0,0,0,0,0,1,0.0,0,0,0,0,0,0.14833333333333334,0.029666666666666668,0.0,0,0.14833333333333334,0.021190476190476194,0,0.1366666666666667,Pass,/app/raw_data/subj01_timepoint02.mp4
127,0,4.2,0.98,1,0.58,0.15,0.0,0.0,0.55,1.67,0.0,0.53,1.03,0.75,0.72,0.61,0.43,0.05,0.06,0.05,1.0,0.0,0.0,0.0,0.0,1.0,1.0,1.0,1.0,0.0,1.0,0.0,0.0,0.0,0.0,0.0,0.0,0.0,0.0,0.9800000000000001,0.17166666666666666,0.09666666666666666,0.09666666666666666,0.1875,0.2783333333333333,0.0,0.14833333333333334,0.14216666666666666,0.17166666666666666,0.09666666666666666,0.695,0.13988095238095238,0,0,0,0,0,0,1,0.0,0,0,0,0,0,0.14833333333333334,0.029666666666666668,0.0,0,0.14833333333333334,0.021190476190476194,0,0.13416666666666666,Pass,/app/raw_data/subj01_timepoint02.mp4
128,0,4.2330000000000005,0.98,1,0.71,0.18,0.0,0.0,0.51,1.52,0.0,0.53,1.0,0.72,0.74,0.75,0.25,0.22,0.14,0.1,1.0,0.0,0.0,0.0,0.0,1.0,1.0,1.0,1.0,0.0,1.0,0.0,0.0,0.0,0.0,0.0,0.0,0.0,0.0,0.9800000000000001,0.16666666666666666,0.11833333333333333,0.11833333333333333,0.18583333333333332,0.25333333333333335,0.0,0.14333333333333334,0.14016666666666666,0.16666666666666666,0.11833333333333333,0.6816666666666666,0.14083333333333334,0,0,0,0,0,0,1,0.0,0,0,0,0,0,0.14333333333333334,0.028666666666666667,0.0,0,0.14333333333333334,0.020476190476190478,0,0.1425,Pass,/app/raw_data/subj01_timepoint02.mp4
129,0,4.2669999999999995,0.98,1,0.8,0.29,0.0,0.0,0.41,1.57,0.0,0.46,0.97,0.65,0.77,0.8,0.31,0.32,0.17,0.06,1.0,0.0,0.0,0.0,0.0,1.0,1.0,1.0,1.0,0.0,1.0,0.0,0.0,0.0,0.0,0.0,0.0,0.0,0.0,0.9800000000000001,0.16166666666666665,0.13333333333333333,0.13333333333333333,0.1975,0.26166666666666666,0.0,0.135,0.14550000000000002,0.16166666666666665,0.13333333333333333,0.6916666666666667,0.14607142857142857,0,0,0,0,0,0,1,0.0,0,0,0,0,0,0.135,0.027000000000000003,0.0,0,0.135,0.019285714285714288,0,0.1475,Pass,/app/raw_data/subj01_timepoint02.mp4
130,0,4.3,0.98,1,0.78,0.24,0.0,0.0,0.37,1.39,0.0,0.34,0.98,0.67,0.72,0.73,0.17,0.45,0.29,0.06,1.0,0.0,0.0,0.0,0.0,1.0,1.0,1.0,1.0,0.0,1.0,0.0,0.0,0.0,0.0,0.0,0.0,0.0,0.0,0.9800000000000001,0.16333333333333333,0.13,0.13,0.18083333333333332,0.23166666666666666,0.0,0.13749999999999998,0.13599999999999998,0.16333333333333333,0.13,0.6625,0.13904761904761903,0,0,0,0,0,0,1,0.0,0,0,0,0,0,0.13749999999999998,0.027499999999999997,0.0,0,0.13749999999999998,0.01964285714285714,0,0.14666666666666667,Pass,/app/raw_data/subj01_timepoint02.mp4
131,0,4.333,0.98,1,0.59,0.29,0.0,0.0,0.41,1.5,0.0,0.28,0.98,0.73,0.65,0.61,0.11,0.37,0.27,0.0,1.0,0.0,0.0,0.0,0.0,1.0,1.0,1.0,1.0,0.0,1.0,0.0,0.0,0.0,0.0,0.0,0.0,0.0,0.0,0.9800000000000001,0.16333333333333333,0.09833333333333333,0.09833333333333333,0.17416666666666666,0.25,0.0,0.1425,0.13299999999999998,0.16333333333333333,0.09833333333333333,0.6541666666666667,0.13238095238095238,0,0,0,0,0,0,1,0.0,0,0,0,0,0,0.1425,0.028499999999999998,0.0,0,0.1425,0.020357142857142855,0,0.13083333333333333,Pass,/app/raw_data/subj01_timepoint02.mp4
132,0,4.367,0.98,1,0.45,0.19,0.0,0.01,0.49,1.43,0.0,0.23,1.01,0.68,0.53,0.5,0.0,0.3,0.44,0.04,0.0,0.0,0.0,0.0,0.0,1.0,1.0,1.0,1.0,0.0,0.0,0.0,0.0,0.0,0.0,0.0,0.0,0.0,0.0,0.9800000000000001,0.16833333333333333,0.0,0.0,0.2383333333333333,0.2383333333333333,0.0,0.14083333333333334,0.12349999999999998,0.16833333333333333,0.0,0.5475,0.11226190476190476,0,0,0,0,0,0,1,0.0,0,0,0,0,0,0.14083333333333334,0.028166666666666666,0.0,0,0.14083333333333334,0.02011904761904762,0,0.16833333333333333,Pass,/app/raw_data/subj01_timepoint02.mp4
133,0,4.4,0.98,1,0.33,0.11,0.0,0.01,0.55,1.64,0.0,0.31,0.94,0.58,0.49,0.45,0.0,0.33,0.4,0.04,0.0,0.0,0.0,0.0,0.0,1.0,1.0,1.0,1.0,0.0,0.0,0.0,0.0,0.0,0.0,0.0,0.0,0.0,0.03,0.9800000000000001,0.15666666666666665,0.0,0.0,0.2733333333333333,0.2733333333333333,0.0,0.12666666666666668,0.13466666666666666,0.15666666666666665,0.0,0.5566666666666666,0.11857142857142856,0,0,0,0,0,0,1,0.0,0,0,0,0,0,0.12666666666666668,0.025333333333333336,0.0,0,0.12666666666666668,0.018095238095238098,0,0.15666666666666665,Pass,/app/raw_data/subj01_timepoint02.mp4
134,0,4.433,0.98,1,0.33,0.01,0.0,0.04,0.54,1.85,0.0,0.4,0.85,0.53,0.37,0.36,0.0,0.28,0.55,0.04,0.0,0.0,0.0,0.0,0.0,1.0,1.0,1.0,1.0,0.0,0.0,0.0,0.0,0.0,0.0,0.0,0.0,0.0,0.08,0.9800000000000001,0.14166666666666666,0.0,0.0,0.30833333333333335,0.30833333333333335,0.0,0.11499999999999999,0.14633333333333334,0.14166666666666666,0.0,0.565,0.12476190476190475,0,0,0,0,0,0,1,0.0,0,0,0,0,0,0.11499999999999999,0.023,0.0,0,0.11499999999999999,0.016428571428571428,0,0.14166666666666666,Pass,/app/raw_data/subj01_timepoint02.mp4
135,0,4.467,0.98,1,0.23,0.01,0.0,0.03,0.52,2.01,0.0,0.43,0.75,0.69,0.22,0.25,0.0,0.3,0.5,0.0,0.0,0.0,0.0,0.0,0.0,1.0,1.0,1.0,1.0,0.0,0.0,0.0,0.0,0.0,0.0,0.0,0.0,0.0,0.1,0.9800000000000001,0.125,0.0,0.0,0.33499999999999996,0.33499999999999996,0.0,0.12,0.15799999999999997,0.125,0.0,0.58,0.1307142857142857,0,0,0,0,0,0,1,0.0,0,0,0,0,0,0.12,0.024,0.0,0,0.12,0.017142857142857144,0,0.125,Pass,/app/raw_data/subj01_timepoint02.mp4
136,0,4.5,0.98,1,0.15,0.01,0.0,0.04,0.49,2.03,0.0,0.45,0.66,0.96,0.07,0.2,0.0,0.13,0.48,0.01,0.0,0.0,0.0,0.0,0.0,1.0,1.0,1.0,1.0,0.0,0.0,0.0,0.0,0.0,0.0,0.0,0.0,0.0,0.15,0.9800000000000001,0.11,0.0,0.0,0.3383333333333333,0.3383333333333333,0.0,0.135,0.16233333333333333,0.11,0.0,0.5833333333333333,0.13166666666666665,0,0,0,0,0,0,1,0.0,0,0,0,0,0,0.135,0.027000000000000003,0.0,0,0.135,0.019285714285714288,0,0.11,Pass,/app/raw_data/subj01_timepoint02.mp4
137,0,4.533,0.98,1,0.04,0.0,0.0,0.01,0.49,2.04,0.0,0.42,0.65,1.11,0.0,0.11,0.0,0.08,0.36,0.05,0.0,0.0,0.0,0.0,0.0,1.0,1.0,1.0,1.0,0.0,0.0,0.0,0.0,0.0,0.0,0.0,0.0,0.0,0.15,0.9800000000000001,0.10833333333333334,0.0,0.0,0.34,0.34,0.0,0.1466666666666667,0.16533333333333336,0.10833333333333334,0.0,0.5950000000000001,0.1335714285714286,0,0,0,0,0,0,1,0.0,0,0,0,0,0,0.1466666666666667,0.02933333333333334,0.0,0,0.1466666666666667,0.020952380952380955,0,0.10833333333333334,Pass,/app/raw_data/subj01_timepoint02.mp4
138,0,4.567,0.98,1,0.0,0.0,0.0,0.01,0.47,2.03,0.0,0.46,0.62,1.12,0.0,0.08,0.0,0.01,0.45,0.08,0.0,0.0,0.0,0.0,0.0,1.0,1.0,1.0,1.0,0.0,0.0,0.0,0.0,0.0,0.0,0.0,0.0,0.0,0.22,0.9800000000000001,0.10333333333333333,0.0,0.0,0.3383333333333333,0.3383333333333333,0.0,0.14500000000000002,0.16433333333333333,0.10333333333333333,0.0,0.5866666666666667,0.13214285714285715,0,0,0,0,0,0,1,0.0,0,0,0,0,0,0.14500000000000002,0.029000000000000005,0.0,0,0.14500000000000002,0.020714285714285716,0,0.10333333333333333,Pass,/app/raw_data/subj01_timepoint02.mp4
139,0,4.6,0.98,1,0.0,0.0,0.0,0.02,0.5,1.93,0.0,0.47,0.68,1.01,0.0,0.02,0.0,0.02,0.6,0.15,0.0,0.0,0.0,0.0,0.0,1.0,1.0,1.0,1.0,0.0,0.0,0.0,0.0,0.0,0.0,0.0,0.0,0.0,0.18,0.9800000000000001,0.11333333333333334,0.0,0.0,0.32166666666666666,0.32166666666666666,0.0,0.14083333333333334,0.15683333333333332,0.11333333333333334,0.0,0.5758333333333333,0.1282142857142857,0,0,0,0,0,0,1,0.0,0,0,0,0,0,0.14083333333333334,0.028166666666666666,0.0,0,0.14083333333333334,0.02011904761904762,0,0.11333333333333334,Pass,/app/raw_data/subj01_timepoint02.mp4
140,0,4.633,0.98,1,0.0,0.0,0.0,0.02,0.49,1.71,0.0,0.53,0.74,1.01,0.0,0.04,0.0,0.03,0.66,0.15,0.0,0.0,0.0,0.0,0.0,0.0,1.0,1.0,1.0,0.0,0.0,0.0,0.0,0.0,0.0,0.0,0.0,0.0,0.22,0.9800000000000001,0.12333333333333334,0.0,0.0,0.0,0.0,0.0,0.14583333333333334,0.029166666666666667,0.12333333333333334,0.0,0.26916666666666667,0.03845238095238095,0,0,0,0,0,0,1,0.0,0,0,0,0,0,0.14583333333333334,0.029166666666666667,0.0,0,0.14583333333333334,0.020833333333333336,0,0.12333333333333334,Pass,/app/raw_data/subj01_timepoint02.mp4
141,0,4.667,0.98,1,0.0,0.0,0.0,0.02,0.48,1.64,0.0,0.52,0.78,1.08,0.0,0.06,0.0,0.09,0.63,0.12,0.0,0.0,0.0,0.0,0.0,0.0,1.0,1.0,1.0,0.0,0.0,0.0,0.0,0.0,0.0,0.0,0.0,0.0,0.21,0.9800000000000001,0.13,0.0,0.0,0.0,0.0,0.0,0.155,0.031,0.13,0.0,0.28500000000000003,0.04071428571428572,0,0,0,0,0,0,1,0.0,0,0,0,0,0,0.155,0.031,0.0,0,0.155,0.02214285714285714,0,0.13,Pass,/app/raw_data/subj01_timepoint02.mp4
142,0,4.7,0.98,1,0.0,0.0,0.0,0.0,0.45,1.55,0.0,0.5,0.83,1.16,0.0,0.1,0.0,0.07,0.5,0.04,0.0,0.0,0.0,0.0,0.0,0.0,1.0,1.0,1.0,0.0,0.0,0.0,0.0,0.0,0.0,0.0,0.0,0.0,0.24,0.9800000000000001,0.13833333333333334,0.0,0.0,0.0,0.0,0.0,0.1658333333333333,0.033166666666666664,0.13833333333333334,0.0,0.30416666666666664,0.04345238095238095,0,0,0,0,0,0,1,0.0,0,0,0,0,0,0.1658333333333333,0.033166666666666664,0.0,0,0.1658333333333333,0.023690476190476185,0,0.13833333333333334,Pass,/app/raw_data/subj01_timepoint02.mp4
143,0,4.7330000000000005,0.98,1,0.0,0.0,0.0,0.0,0.4,1.52,0.0,0.5,0.9,1.12,0.0,0.07,0.0,0.07,0.4,0.03,0.0,0.0,0.0,0.0,0.0,0.0,1.0,1.0,1.0,0.0,0.0,0.0,0.0,0.0,0.0,0.0,0.0,0.0,0.25,0.9800000000000001,0.15,0.0,0.0,0.0,0.0,0.0,0.16833333333333333,0.033666666666666664,0.15,0.0,0.31833333333333336,0.04547619047619048,0,0,0,0,0,0,1,0.0,0,0,0,0,0,0.16833333333333333,0.033666666666666664,0.0,0,0.16833333333333333,0.024047619047619047,0,0.15,Pass,/app/raw_data/subj01_timepoint02.mp4
144,0,4.7669999999999995,0.98,1,0.0,0.0,0.0,0.0,0.36,1.39,0.0,0.54,0.95,1.15,0.05,0.06,0.0,0.07,0.23,0.03,0.0,0.0,0.0,0.0,0.0,0.0,1.0,1.0,1.0,0.0,0.0,0.0,0.0,0.0,0.0,0.0,0.0,0.0,0.2,0.9800000000000001,0.15833333333333333,0.0,0.0,0.0,0.0,0.0,0.17499999999999996,0.03499999999999999,0.15833333333333333,0.0,0.33333333333333326,0.04761904761904761,0,0,0,0,0,0,1,0.0,0,0,0,0,0,0.17499999999999996,0.03499999999999999,0.0,0,0.17499999999999996,0.024999999999999994,0,0.15833333333333333,Pass,/app/raw_data/subj01_timepoint02.mp4
145,0,4.8,0.98,1,0.01,0.0,0.0,0.0,0.34,1.49,0.0,0.62,1.0,1.17,0.1,0.08,0.0,0.07,0.19,0.04,0.0,0.0,0.0,0.0,0.0,0.0,1.0,1.0,1.0,0.0,0.0,0.0,0.0,0.0,0.0,0.0,0.0,0.0,0.18,0.9800000000000001,0.16666666666666666,0.0,0.0,0.0,0.0,0.0,0.18083333333333332,0.036166666666666666,0.16666666666666666,0.0,0.3475,0.04964285714285714,0,0,0,0,0,0,1,0.0,0,0,0,0,0,0.18083333333333332,0.036166666666666666,0.0,0,0.18083333333333332,0.02583333333333333,0,0.16666666666666666,Pass,/app/raw_data/subj01_timepoint02.mp4
146,0,4.833,0.98,1,0.03,0.0,0.0,0.0,0.38,1.56,0.0,0.66,0.95,1.22,0.2,0.18,0.0,0.09,0.12,0.01,0.0,0.0,0.0,0.0,0.0,0.0,1.0,1.0,1.0,0.0,0.0,0.0,0.0,0.0,0.0,0.0,0.0,0.0,0.18,0.9800000000000001,0.15833333333333333,0.0,0.0,0.0,0.0,0.0,0.18083333333333332,0.036166666666666666,0.15833333333333333,0.0,0.3391666666666666,0.04845238095238095,0,0,0,0,0,0,1,0.0,0,0,0,0,0,0.18083333333333332,0.036166666666666666,0.0,0,0.18083333333333332,0.02583333333333333,0,0.15833333333333333,Pass,/app/raw_data/subj01_timepoint02.mp4
147,0,4.867,0.98,1,0.03,0.0,0.0,0.0,0.43,1.66,0.0,0.71,0.94,1.19,0.29,0.23,0.0,0.09,0.21,0.07,0.0,0.0,0.0,0.0,0.0,1.0,1.0,1.0,1.0,0.0,0.0,0.0,0.0,0.0,0.0,0.0,0.0,0.0,0.23,0.9800000000000001,0.15666666666666665,0.0,0.0,0.27666666666666667,0.27666666666666667,0.0,0.1775,0.14616666666666667,0.15666666666666665,0.0,0.6108333333333333,0.12678571428571428,0,0,0,0,0,0,1,0.0,0,0,0,0,0,0.1775,0.0355,0.0,0,0.1775,0.025357142857142856,0,0.15666666666666665,Pass,/app/raw_data/subj01_timepoint02.mp4
148,0,4.9,0.98,1,0.04,0.03,0.0,0.02,0.51,1.74,0.0,0.69,0.91,1.09,0.31,0.24,0.04,0.09,0.23,0.11,0.0,0.0,0.0,0.0,0.0,1.0,1.0,1.0,1.0,0.0,0.0,0.0,0.0,0.0,0.0,0.0,0.0,0.0,0.2,0.9800000000000001,0.15166666666666667,0.0,0.0,0.29,0.29,0.0,0.16666666666666666,0.14933333333333332,0.15166666666666667,0.0,0.6083333333333333,0.12833333333333333,0,0,0,0,0,0,1,0.0,0,0,0,0,0,0.16666666666666666,0.03333333333333333,0.0,0,0.16666666666666666,0.023809523809523808,0,0.15166666666666667,Pass,/app/raw_data/subj01_timepoint02.mp4
149,0,4.933,0.98,1,0.07,0.02,0.0,0.02,0.56,1.88,0.0,0.75,0.91,1.13,0.21,0.18,0.04,0.12,0.31,0.19,0.0,0.0,0.0,0.0,0.0,1.0,1.0,1.0,1.0,0.0,0.0,0.0,0.0,0.0,0.0,0.0,0.0,0.0,0.11,0.9800000000000001,0.15166666666666667,0.0,0.0,0.3133333333333333,0.3133333333333333,0.0,0.17,0.15933333333333333,0.15166666666666667,0.0,0.635,0.13547619047619047,0,0,0,0,0,0,1,0.0,0,0,0,0,0,0.17,0.034,0.0,0,0.17,0.02428571428571429,0,0.15166666666666667,Pass,/app/raw_data/subj01_timepoint02.mp4
150,0,4.967,0.98,1,0.13,0.02,0.0,0.02,0.62,2.14,0.0,0.74,0.88,1.15,0.07,0.16,0.04,0.12,0.25,0.14,0.0,0.0,0.0,0.0,0.0,1.0,1.0,1.0,1.0,0.0,0.0,0.0,0.0,0.0,0.0,0.0,0.0,0.0,0.03,0.9800000000000001,0.14666666666666667,0.0,0.0,0.3566666666666667,0.3566666666666667,0.0,0.16916666666666666,0.17650000000000002,0.14666666666666667,0.0,0.6725000000000001,0.14702380952380953,0,0,0,0,0,0,1,0.0,0,0,0,0,0,0.16916666666666666,0.03383333333333333,0.0,0,0.16916666666666666,0.024166666666666666,0,0.14666666666666667,Pass,/app/raw_data/subj01_timepoint02.mp4
151,0,5.0,0.98,1,0.14,0.0,0.0,0.0,0.61,2.16,0.0,0.75,0.81,1.17,0.0,0.14,0.0,0.12,0.22,0.15,0.0,0.0,0.0,0.0,1.0,1.0,1.0,1.0,1.0,0.0,0.0,0.0,0.0,0.0,0.0,0.0,0.0,0.0,0.0,0.9800000000000001,0.11833333333333333,0.0,0.0,0.36000000000000004,0.36000000000000004,0.0,0.165,0.17700000000000002,0.11833333333333333,0.0,0.6433333333333334,0.14333333333333334,1,0,0,0,0,0,1,0.11833333333333333,0,0,0,0,0,0.165,0.033,0.11833333333333333,0,0.2833333333333333,0.04047619047619048,0,0.135,Pass,/app/raw_data/subj01_timepoint02.mp4
152,0,5.033,0.98,1,0.19,0.0,0.0,0.0,0.66,2.29,0.0,0.66,0.76,1.09,0.0,0.17,0.0,0.11,0.17,0.07,0.0,0.0,0.0,0.0,1.0,1.0,1.0,1.0,1.0,0.0,0.0,0.0,0.0,0.0,0.0,0.0,0.0,0.0,0.0,0.9800000000000001,0.11833333333333333,0.0,0.0,0.38166666666666665,0.38166666666666665,0.0,0.15416666666666667,0.1835,0.11833333333333333,0.0,0.6541666666666667,0.14797619047619046,1,0,0,0,0,0,1,0.11833333333333333,0,0,0,0,0,0.15416666666666667,0.030833333333333334,0.11833333333333333,0,0.2725,0.03892857142857143,0,0.12666666666666668,Pass,/app/raw_data/subj01_timepoint02.mp4
153,0,5.067,0.98,1,0.18,0.0,0.0,0.0,0.64,2.18,0.0,0.57,0.76,1.0,0.0,0.13,0.0,0.15,0.18,0.08,0.0,0.0,0.0,0.0,1.0,1.0,1.0,1.0,1.0,0.0,0.0,0.0,0.0,0.0,0.0,0.0,0.0,0.0,0.01,0.9800000000000001,0.11666666666666665,0.0,0.0,0.36333333333333334,0.36333333333333334,0.0,0.14666666666666667,0.17466666666666666,0.11666666666666665,0.0,0.6266666666666667,0.14142857142857143,1,0,0,0,0,0,1,0.11666666666666665,0,0,0,0,0,0.14666666666666667,0.029333333333333333,0.11666666666666665,0,0.2633333333333333,0.037619047619047614,0,0.12666666666666668,Pass,/app/raw_data/subj01_timepoint02.mp4
154,0,5.1,0.98,1,0.16,0.0,0.0,0.03,0.68,2.23,0.0,0.58,0.79,0.91,0.0,0.07,0.0,0.24,0.14,0.11,0.0,0.0,0.0,0.0,1.0,1.0,1.0,1.0,1.0,0.0,0.0,0.0,0.0,0.0,0.0,0.0,0.0,0.0,0.02,0.9800000000000001,0.12250000000000001,0.0,0.0,0.37166666666666665,0.37166666666666665,0.0,0.1416666666666667,0.177,0.12250000000000001,0.0,0.6358333333333334,0.1439285714285714,1,0,0,0,0,0,1,0.12250000000000001,0,0,0,0,0,0.1416666666666667,0.02833333333333334,0.12250000000000001,0,0.2641666666666667,0.037738095238095244,0,0.13166666666666668,Pass,/app/raw_data/subj01_timepoint02.mp4
155,0,5.132999999999999,0.98,1,0.15,0.0,0.0,0.03,0.7,2.26,0.0,0.73,0.86,0.96,0.0,0.0,0.0,0.25,0.11,0.19,0.0,0.0,0.0,0.0,1.0,1.0,1.0,1.0,1.0,0.0,0.0,0.0,0.0,0.0,0.0,0.0,0.0,0.0,0.04,0.9800000000000001,0.13,0.0,0.0,0.37666666666666665,0.37666666666666665,0.0,0.15166666666666664,0.181,0.13,0.0,0.6583333333333332,0.14785714285714285,1,0,0,0,0,0,1,0.13,0,0,0,0,0,0.15166666666666664,0.03033333333333333,0.13,0,0.2816666666666666,0.04023809523809523,0,0.14333333333333334,Pass,/app/raw_data/subj01_timepoint02.mp4
156,0,5.167000000000001,0.98,1,0.12,0.0,0.0,0.03,0.7,2.2,0.0,0.93,0.88,1.02,0.0,0.0,0.0,0.15,0.09,0.25,0.0,0.0,0.0,0.0,1.0,1.0,1.0,1.0,1.0,0.0,0.0,0.0,0.0,0.0,0.0,0.0,0.0,0.0,0.03,0.9800000000000001,0.13166666666666668,0.0,0.0,0.3666666666666667,0.3666666666666667,0.0,0.15833333333333333,0.17833333333333334,0.13166666666666668,0.0,0.6566666666666667,0.1461904761904762,1,0,0,0,0,0,1,0.13166666666666668,0,0,0,0,0,0.15833333333333333,0.03166666666666666,0.13166666666666668,0,0.29000000000000004,0.04142857142857143,0,0.14666666666666667,Pass,/app/raw_data/subj01_timepoint02.mp4
157,0,5.2,0.98,1,0.17,0.0,0.0,0.0,0.69,2.17,0.0,0.96,0.88,1.13,0.0,0.04,0.0,0.08,0.05,0.28,0.0,0.0,0.0,0.0,1.0,1.0,1.0,1.0,1.0,0.0,0.0,0.0,0.0,0.0,0.0,0.0,0.0,0.0,0.02,0.9800000000000001,0.13083333333333333,0.0,0.0,0.36166666666666664,0.36166666666666664,0.0,0.16749999999999998,0.17816666666666664,0.13083333333333333,0.0,0.6599999999999999,0.14595238095238092,1,0,0,0,0,0,1,0.13083333333333333,0,0,0,0,0,0.16749999999999998,0.033499999999999995,0.13083333333333333,0,0.29833333333333334,0.04261904761904762,0,0.14666666666666667,Pass,/app/raw_data/subj01_timepoint02.mp4
158,0,5.233,0.98,1,0.2,0.03,0.0,0.0,0.62,1.96,0.0,0.97,0.9,1.08,0.0,0.13,0.0,0.07,0.05,0.31,0.0,0.0,0.0,0.0,1.0,1.0,1.0,1.0,1.0,0.0,0.0,0.0,0.0,0.0,0.0,0.0,0.0,0.0,0.0,0.9800000000000001,0.12666666666666668,0.0,0.0,0.32666666666666666,0.32666666666666666,0.0,0.165,0.16366666666666668,0.12666666666666668,0.0,0.6183333333333334,0.135,1,0,0,0,0,0,1,0.12666666666666668,0,0,0,0,0,0.165,0.033,0.12666666666666668,0,0.2916666666666667,0.04166666666666667,0,0.15,Pass,/app/raw_data/subj01_timepoint02.mp4
159,0,5.267,0.98,1,0.18,0.03,0.0,0.0,0.64,1.96,0.0,1.02,0.91,1.02,0.0,0.13,0.0,0.13,0.0,0.35,1.0,0.0,0.0,0.0,0.0,1.0,1.0,1.0,1.0,0.0,0.0,0.0,0.0,0.0,0.0,0.0,0.0,0.0,0.0,0.9800000000000001,0.15166666666666667,0.03,0.03,0.17833333333333334,0.32666666666666666,0.0,0.16083333333333336,0.1391666666666667,0.15166666666666667,0.03,0.6691666666666667,0.12535714285714286,0,0,0,0,0,0,1,0.0,0,0,0,0,0,0.16083333333333336,0.03216666666666667,0.0,0,0.16083333333333336,0.02297619047619048,0,0.09083333333333334,Pass,/app/raw_data/subj01_timepoint02.mp4
160,0,5.3,0.98,1,0.18,0.1,0.0,0.0,0.64,1.98,0.0,1.01,0.9,1.08,0.0,0.09,0.0,0.23,0.0,0.37,0.0,0.0,0.0,0.0,1.0,1.0,1.0,1.0,1.0,0.0,0.0,0.0,0.0,0.0,0.0,0.0,0.0,0.0,0.0,0.9800000000000001,0.12833333333333333,0.0,0.0,0.33,0.33,0.0,0.165,0.165,0.12833333333333333,0.0,0.6233333333333334,0.1361904761904762,1,0,0,0,0,0,1,0.12833333333333333,0,0,0,0,0,0.165,0.033,0.12833333333333333,0,0.29333333333333333,0.0419047619047619,0,0.15,Pass,/app/raw_data/subj01_timepoint02.mp4
161,0,5.332999999999999,0.98,1,0.21,0.21,0.0,0.0,0.63,2.12,0.0,0.79,0.84,1.28,0.0,0.02,0.0,0.35,0.0,0.42,0.0,0.0,0.0,0.0,1.0,1.0,1.0,1.0,1.0,0.0,0.0,0.0,0.0,0.0,0.0,0.0,0.0,0.0,0.0,0.9800000000000001,0.1225,0.0,0.0,0.35333333333333333,0.35333333333333333,0.0,0.17666666666666667,0.17666666666666667,0.1225,0.0,0.6525,0.1436904761904762,1,0,0,0,0,0,1,0.1225,0,0,0,0,0,0.17666666666666667,0.035333333333333335,0.1225,0,0.2991666666666667,0.04273809523809524,0,0.13999999999999999,Pass,/app/raw_data/subj01_timepoint02.mp4
