fac_AU01int,fac_AU02int,fac_AU04int,fac_AU05int,fac_AU06int,fac_AU07int,fac_AU09int,fac_AU10int,fac_AU12int,fac_AU14int,fac_AU15int,fac_AU17int,fac_AU20int,fac_AU23int,fac_AU25int,fac_AU26int,fac_AU45int,fac_AU01pres,fac_AU02pres,fac_AU04pres,fac_AU05pres,fac_AU06pres,fac_AU07pres,fac_AU09pres,fac_AU10pres,fac_AU12pres,fac_AU14pres,fac_AU15pres,fac_AU17pres,fac_AU20pres,fac_AU23pres,fac_AU25pres,fac_AU26pres,fac_AU28pres,fac_AU45pres,frame,face_id,timestamp,confidence,success,dbm_master_url
0.0,0.0,0.0,0.0,1.05,2.5,0.0,1.17,1.0,0.84,0.0,0.21,0.0,0.0,0.0,0.56,0.0,0.0,0.0,0.0,0.0,1.0,1.0,0.0,1.0,1.0,1.0,0.0,0.0,0.0,0.0,0.0,0.0,0.0,0.0,1,0,0.0,0.98,1,/app/raw_data/subj01_timepoint02.mp4
0.0,0.0,0.0,0.0,0.94,2.57,0.0,1.22,0.98,1.03,0.0,0.26,0.0,0.07,0.0,0.37,0.0,0.0,0.0,0.0,0.0,1.0,1.0,0.0,1.0,1.0,1.0,0.0,0.0,0.0,0.0,0.0,0.0,0.0,0.0,2,0,0.033,0.98,1,/app/raw_data/subj01_timepoint02.mp4
0.0,0.0,0.0,0.03,0.9,2.58,0.0,1.2,0.94,1.11,0.0,0.32,0.0,0.07,0.0,0.24,0.0,0.0,0.0,0.0,0.0,1.0,1.0,0.0,1.0,1.0,1.0,0.0,0.0,0.0,0.0,0.0,0.0,0.0,0.0,3,0,0.067,0.98,1,/app/raw_data/subj01_timepoint02.mp4
0.0,0.0,0.0,0.03,0.9,2.47,0.0,1.19,0.94,1.1,0.0,0.38,0.0,0.05,0.0,0.19,0.0,0.0,0.0,0.0,0.0,1.0,1.0,0.0,1.0,1.0,1.0,0.0,0.0,0.0,0.0,0.0,0.0,0.0,0.0,4,0,0.1,0.98,1,/app/raw_data/subj01_timepoint02.mp4
0.0,0.0,0.0,0.03,0.93,2.42,0.0,1.15,0.92,1.06,0.0,0.46,0.0,0.0,0.01,0.15,0.0,0.0,0.0,0.0,0.0,1.0,1.0,0.0,1.0,1.0,1.0,0.0,0.0,0.0,0.0,0.0,0.0,0.0,0.0,5,0,0.133,0.98,1,/app/raw_data/subj01_timepoint02.mp4
0.0,0.0,0.0,0.0,0.92,2.32,0.0,1.16,0.95,1.04,0.0,0.48,0.0,0.0,0.01,0.12,0.0,0.0,0.0,0.0,0.0,1.0,1.0,0.0,1.0,1.0,1.0,0.0,0.0,0.0,0.0,0.0,0.0,0.0,0.0,6,0,0.16699999999999998,0.98,1,/app/raw_data/subj01_timepoint02.mp4
0.0,0.0,0.0,0.0,0.89,2.33,0.0,1.1,0.95,1.08,0.0,0.51,0.0,0.0,0.04,0.06,0.0,0.0,0.0,0.0,0.0,1.0,1.0,0.0,1.0,1.0,1.0,0.0,0.0,0.0,0.0,0.0,0.0,0.0,0.0,7,0,0.2,0.98,1,/app/raw_data/subj01_timepoint02.mp4
0.0,0.0,0.0,0.0,0.92,2.39,0.0,1.08,0.98,1.09,0.0,0.4,0.0,0.0,0.15,0.04,0.0,0.0,0.0,0.0,0.0,1.0,1.0,0.0,1.0,1.0,1.0,0.0,0.0,0.0,0.0,0.0,0.0,0.0,0.0,8,0,0.233,0.98,1,/app/raw_data/subj01_timepoint02.mp4
0.0,0.0,0.0,0.0,0.92,2.59,0.0,1.05,0.95,1.11,0.0,0.36,0.0,0.0,0.18,0.02,0.0,0.0,0.0,0.0,0.0,1.0,1.0,0.0,1.0,1.0,1.0,0.0,0.0,0.0,0.0,0.0,0.0,0.0,0.0,9,0,0.267,0.98,1,/app/raw_data/subj01_timepoint02.mp4
0.0,0.0,0.0,0.0,0.91,2.72,0.0,1.03,0.92,1.12,0.0,0.31,0.0,0.0,0.2,0.02,0.0,0.0,0.0,0.0,0.0,1.0,1.0,0.0,1.0,1.0,1.0,0.0,0.0,0.0,0.0,0.0,0.0,0.0,0.0,10,0,0.3,0.98,1,/app/raw_data/subj01_timepoint02.mp4
0.0,0.0,0.0,0.0,0.87,2.69,0.0,1.07,0.89,1.12,0.0,0.29,0.0,0.02,0.14,0.06,0.0,0.0,0.0,0.0,0.0,1.0,1.0,0.0,1.0,1.0,1.0,0.0,0.0,0.0,0.0,0.0,0.0,0.0,0.0,11,0,0.33299999999999996,0.98,1,/app/raw_data/subj01_timepoint02.mp4
0.0,0.0,0.0,0.0,0.86,2.61,0.0,1.08,0.9,1.1,0.0,0.31,0.06,0.02,0.15,0.13,0.0,0.0,0.0,0.0,0.0,1.0,1.0,0.0,1.0,1.0,1.0,0.0,0.0,0.0,0.0,0.0,0.0,0.0,0.0,12,0,0.36700000000000005,0.98,1,/app/raw_data/subj01_timepoint02.mp4
0.0,0.0,0.0,0.0,0.9,2.42,0.0,1.07,0.9,1.08,0.02,0.35,0.06,0.06,0.1,0.15,0.0,0.0,0.0,0.0,0.0,1.0,1.0,0.0,1.0,1.0,1.0,0.0,0.0,0.0,0.0,0.0,0.0,0.0,0.0,13,0,0.4,0.98,1,/app/raw_data/subj01_timepoint02.mp4
0.0,0.0,0.0,0.0,0.91,2.31,0.0,1.03,0.89,1.03,0.02,0.39,0.06,0.05,0.14,0.23,0.0,0.0,0.0,0.0,0.0,1.0,1.0,0.0,1.0,1.0,1.0,0.0,0.0,0.0,0.0,0.0,0.0,0.0,0.0,14,0,0.433,0.98,1,/app/raw_data/subj01_timepoint02.mp4
0.0,0.0,0.0,0.0,0.92,2.21,0.0,0.91,0.86,0.94,0.02,0.34,0.0,0.04,0.13,0.28,0.0,0.0,0.0,0.0,0.0,1.0,1.0,0.0,1.0,1.0,1.0,0.0,0.0,0.0,0.0,0.0,0.0,0.0,0.0,15,0,0.467,0.98,1,/app/raw_data/subj01_timepoint02.mp4
0.0,0.0,0.0,0.0,0.92,2.15,0.02,0.82,0.83,0.81,0.0,0.3,0.0,0.0,0.12,0.48,0.0,0.0,0.0,0.0,0.0,1.0,1.0,0.0,1.0,1.0,1.0,0.0,0.0,0.0,0.0,0.0,0.0,0.0,0.0,16,0,0.5,0.98,1,/app/raw_data/subj01_timepoint02.mp4
0.0,0.0,0.0,0.0,0.96,2.36,0.06,0.72,0.81,0.78,0.0,0.2,0.0,0.0,0.02,0.52,0.04,0.0,0.0,0.0,0.0,1.0,1.0,0.0,1.0,1.0,1.0,0.0,0.0,0.0,0.0,0.0,0.0,0.0,0.0,17,0,0.5329999999999999,0.98,1,/app/raw_data/subj01_timepoint02.mp4
0.0,0.0,0.0,0.0,0.94,2.3,0.06,0.73,0.82,0.9,0.0,0.18,0.0,0.0,0.04,0.49,0.04,0.0,0.0,0.0,0.0,1.0,1.0,0.0,1.0,1.0,1.0,0.0,0.0,0.0,0.0,0.0,0.0,0.0,0.0,18,0,0.5670000000000001,0.98,1,/app/raw_data/subj01_timepoint02.mp4
0.0,0.0,0.0,0.0,0.93,2.49,0.05,0.7,0.84,0.98,0.0,0.24,0.0,0.0,0.08,0.45,0.04,0.0,0.0,0.0,0.0,1.0,1.0,0.0,1.0,1.0,1.0,0.0,0.0,0.0,0.0,0.0,0.0,0.0,0.0,19,0,0.6,0.98,1,/app/raw_data/subj01_timepoint02.mp4
0.0,0.0,0.0,0.0,0.91,2.37,0.08,0.69,0.85,1.09,0.03,0.28,0.05,0.0,0.12,0.44,0.0,0.0,0.0,0.0,0.0,1.0,1.0,0.0,1.0,1.0,1.0,0.0,0.0,0.0,0.0,0.0,0.0,0.0,0.0,20,0,0.633,0.98,1,/app/raw_data/subj01_timepoint02.mp4
0.0,0.0,0.0,0.0,0.94,2.42,0.11,0.53,0.84,1.11,0.04,0.34,0.05,0.0,0.13,0.44,0.0,0.0,0.0,0.0,0.0,1.0,1.0,0.0,1.0,1.0,1.0,0.0,0.0,0.0,0.0,0.0,0.0,0.0,0.0,21,0,0.667,0.98,1,/app/raw_data/subj01_timepoint02.mp4
0.0,0.0,0.0,0.0,0.93,2.36,0.1,0.49,0.83,1.12,0.07,0.3,0.05,0.0,0.19,0.46,0.0,0.0,0.0,0.0,0.0,1.0,1.0,0.0,1.0,1.0,1.0,0.0,0.0,0.0,0.0,0.0,0.0,0.0,0.0,22,0,0.7,0.98,1,/app/raw_data/subj01_timepoint02.mp4
0.01,0.0,0.0,0.01,0.94,2.42,0.05,0.45,0.84,1.08,0.04,0.26,0.05,0.0,0.22,0.48,0.0,0.0,0.0,0.0,0.0,1.0,1.0,0.0,1.0,1.0,1.0,0.0,0.0,0.0,0.0,0.0,0.0,0.0,0.0,23,0,0.733,0.98,1,/app/raw_data/subj01_timepoint02.mp4
0.09,0.0,0.0,0.01,0.94,2.41,0.02,0.62,0.84,1.09,0.04,0.22,0.05,0.0,0.26,0.69,0.0,0.0,0.0,0.0,0.0,1.0,1.0,0.0,1.0,1.0,1.0,0.0,0.0,0.0,0.0,0.0,0.0,0.0,0.0,24,0,0.767,0.98,1,/app/raw_data/subj01_timepoint02.mp4
0.11,0.0,0.0,0.03,0.86,2.34,0.02,0.54,0.82,1.06,0.01,0.09,0.05,0.0,0.19,0.64,0.0,0.0,0.0,0.0,0.0,1.0,1.0,0.0,1.0,1.0,1.0,0.0,0.0,0.0,0.0,0.0,0.0,0.0,0.0,25,0,0.8,0.98,1,/app/raw_data/subj01_timepoint02.mp4
0.15,0.0,0.0,0.08,0.8,2.23,0.01,0.36,0.74,0.94,0.0,0.08,0.03,0.0,0.17,0.56,0.0,0.0,0.0,0.0,0.0,1.0,1.0,0.0,1.0,1.0,1.0,0.0,0.0,0.0,0.0,0.0,0.0,0.0,0.0,26,0,0.833,0.98,1,/app/raw_data/subj01_timepoint02.mp4
0.15,0.0,0.0,0.08,0.79,2.31,0.08,0.15,0.71,0.87,0.07,0.02,0.1,0.0,0.09,0.37,0.0,0.0,0.0,0.0,0.0,1.0,1.0,0.0,1.0,1.0,1.0,0.0,0.0,0.0,0.0,0.0,0.0,0.0,0.0,27,0,0.867,0.98,1,/app/raw_data/subj01_timepoint02.mp4
0.21,0.0,0.0,0.15,0.88,2.45,0.1,0.17,0.71,0.94,0.07,0.02,0.16,0.0,0.07,0.38,0.0,0.0,0.0,0.0,0.0,1.0,1.0,0.0,1.0,1.0,1.0,0.0,0.0,0.0,0.0,0.0,0.0,0.0,0.0,28,0,0.9,0.98,1,/app/raw_data/subj01_timepoint02.mp4
0.22,0.0,0.0,0.08,0.95,2.48,0.13,0.29,0.74,0.95,0.07,0.02,0.13,0.0,0.1,0.5,0.0,0.0,0.0,0.0,0.0,1.0,1.0,0.0,1.0,1.0,1.0,0.0,0.0,0.0,0.0,0.0,0.0,0.0,0.0,29,0,0.9329999999999999,0.98,1,/app/raw_data/subj01_timepoint02.mp4
0.31,0.0,0.0,0.22,0.94,2.66,0.16,0.37,0.72,1.02,0.0,0.0,0.18,0.0,0.1,0.54,0.0,0.0,0.0,0.0,0.0,1.0,1.0,0.0,1.0,1.0,1.0,0.0,0.0,0.0,0.0,0.0,0.0,0.0,0.0,30,0,0.9670000000000001,0.98,1,/app/raw_data/subj01_timepoint02.mp4
0.32,0.0,0.0,0.18,0.93,2.78,0.19,0.32,0.69,1.01,0.0,0.0,0.18,0.0,0.16,0.53,0.0,0.0,0.0,0.0,0.0,1.0,1.0,0.0,1.0,1.0,1.0,0.0,0.0,0.0,0.0,0.0,0.0,0.0,0.0,31,0,1.0,0.98,1,/app/raw_data/subj01_timepoint02.mp4
0.37,0.0,0.0,0.29,0.92,2.9,0.14,0.34,0.69,1.07,0.0,0.0,0.25,0.0,0.17,0.46,0.0,0.0,0.0,0.0,0.0,1.0,1.0,0.0,1.0,1.0,1.0,0.0,0.0,0.0,0.0,0.0,0.0,0.0,0.0,32,0,1.033,0.98,1,/app/raw_data/subj01_timepoint02.mp4
0.31,0.0,0.0,0.18,0.95,2.9,0.08,0.28,0.68,1.03,0.01,0.0,0.15,0.0,0.23,0.38,0.0,0.0,0.0,0.0,0.0,1.0,1.0,0.0,1.0,1.0,1.0,0.0,0.0,0.0,0.0,0.0,0.0,0.0,0.0,33,0,1.067,0.98,1,/app/raw_data/subj01_timepoint02.mp4
0.26,0.0,0.0,0.13,0.98,2.94,0.05,0.35,0.73,1.02,0.03,0.0,0.15,0.0,0.23,0.41,0.0,0.0,0.0,0.0,0.0,1.0,1.0,0.0,1.0,1.0,1.0,0.0,0.0,0.0,0.0,0.0,0.0,0.0,0.0,34,0,1.1,0.98,1,/app/raw_data/subj01_timepoint02.mp4
0.24,0.0,0.0,0.02,1.0,3.02,0.06,0.25,0.69,1.07,0.07,0.0,0.15,0.0,0.24,0.41,0.0,0.0,0.0,0.0,0.0,1.0,1.0,0.0,1.0,1.0,1.0,0.0,0.0,0.0,0.0,0.0,0.0,0.0,0.0,35,0,1.133,0.98,1,/app/raw_data/subj01_timepoint02.mp4
0.15,0.0,0.0,0.04,1.03,2.96,0.04,0.33,0.72,1.11,0.1,0.0,0.19,0.0,0.32,0.5,0.0,0.0,0.0,0.0,0.0,1.0,1.0,0.0,1.0,1.0,1.0,0.0,0.0,0.0,0.0,0.0,0.0,0.0,0.0,36,0,1.167,0.98,1,/app/raw_data/subj01_timepoint02.mp4
0.22,0.0,0.0,0.05,1.01,2.82,0.01,0.33,0.7,1.22,0.07,0.0,0.23,0.0,0.3,0.51,0.0,0.0,0.0,0.0,0.0,1.0,1.0,0.0,1.0,1.0,1.0,0.0,0.0,0.0,0.0,0.0,0.0,0.0,0.0,37,0,1.2,0.98,1,/app/raw_data/subj01_timepoint02.mp4
0.2,0.0,0.0,0.05,0.98,2.8,0.0,0.44,0.75,1.33,0.07,0.0,0.21,0.0,0.26,0.59,0.01,0.0,0.0,0.0,0.0,1.0,1.0,0.0,1.0,1.0,1.0,0.0,0.0,0.0,0.0,0.0,0.0,0.0,0.0,38,0,1.2329999999999999,0.98,1,/app/raw_data/subj01_timepoint02.mp4
0.21,0.0,0.0,0.0,0.92,2.87,0.0,0.42,0.71,1.34,0.08,0.0,0.31,0.0,0.2,0.58,0.09,0.0,0.0,0.0,0.0,1.0,1.0,0.0,1.0,1.0,1.0,0.0,0.0,0.0,0.0,0.0,0.0,0.0,0.0,39,0,1.2670000000000001,0.98,1,/app/raw_data/subj01_timepoint02.mp4
0.08,0.0,0.0,0.0,0.9,2.91,0.0,0.53,0.74,1.27,0.1,0.05,0.28,0.0,0.2,0.65,0.09,0.0,0.0,0.0,0.0,1.0,1.0,0.0,1.0,1.0,1.0,0.0,0.0,0.0,0.0,0.0,0.0,0.0,0.0,40,0,1.3,0.98,1,/app/raw_data/subj01_timepoint02.mp4
0.01,0.0,0.0,0.0,0.86,2.77,0.0,0.51,0.69,1.15,0.07,0.07,0.36,0.0,0.17,0.66,0.08,0.0,0.0,0.0,0.0,1.0,1.0,0.0,1.0,1.0,1.0,0.0,0.0,0.0,0.0,0.0,0.0,0.0,0.0,41,0,1.3330000000000002,0.98,1,/app/raw_data/subj01_timepoint02.mp4
0.0,0.0,0.0,0.0,0.87,2.64,0.0,0.56,0.74,1.1,0.02,0.08,0.23,0.0,0.1,0.67,0.0,0.0,0.0,0.0,0.0,1.0,1.0,0.0,1.0,1.0,1.0,0.0,0.0,0.0,0.0,0.0,0.0,0.0,0.0,42,0,1.367,0.98,1,/app/raw_data/subj01_timepoint02.mp4
0.0,0.0,0.0,0.0,0.84,2.57,0.0,0.45,0.72,1.11,0.02,0.03,0.18,0.0,0.04,0.59,0.0,0.0,0.0,0.0,0.0,1.0,1.0,0.0,1.0,1.0,1.0,0.0,0.0,0.0,0.0,0.0,0.0,0.0,0.0,43,0,1.4,0.98,1,/app/raw_data/subj01_timepoint02.mp4
0.0,0.0,0.0,0.0,0.9,2.43,0.04,0.48,0.8,1.07,0.02,0.13,0.05,0.0,0.0,0.54,0.0,0.0,0.0,0.0,0.0,1.0,1.0,0.0,1.0,1.0,1.0,0.0,0.0,0.0,0.0,0.0,0.0,0.0,0.0,44,0,1.433,0.98,1,/app/raw_data/subj01_timepoint02.mp4
0.0,0.0,0.0,0.0,0.89,2.39,0.03,0.5,0.78,1.04,0.1,0.11,0.07,0.02,0.01,0.54,0.07,0.0,0.0,0.0,0.0,1.0,1.0,0.0,1.0,1.0,1.0,0.0,0.0,0.0,0.0,0.0,0.0,0.0,0.0,45,0,1.4669999999999999,0.98,1,/app/raw_data/subj01_timepoint02.mp4
0.0,0.0,0.0,0.0,0.94,2.4,0.03,0.64,0.81,0.94,0.11,0.15,0.06,0.03,0.01,0.51,0.07,0.0,0.0,0.0,0.0,1.0,1.0,0.0,1.0,1.0,1.0,0.0,0.0,0.0,0.0,0.0,0.0,0.0,0.0,46,0,1.5,0.98,1,/app/raw_data/subj01_timepoint02.mp4
0.0,0.0,0.0,0.0,0.92,2.58,0.0,0.82,0.79,1.0,0.13,0.05,0.06,0.03,0.06,0.45,0.07,0.0,0.0,0.0,0.0,1.0,1.0,0.0,1.0,1.0,1.0,0.0,0.0,0.0,0.0,0.0,0.0,0.0,0.0,47,0,1.5330000000000001,0.98,1,/app/raw_data/subj01_timepoint02.mp4
0.0,0.0,0.0,0.0,0.92,2.51,0.0,1.04,0.8,0.94,0.05,0.15,0.0,0.03,0.05,0.34,0.0,0.0,0.0,0.0,0.0,1.0,1.0,0.0,1.0,1.0,1.0,0.0,0.0,0.0,0.0,0.0,0.0,0.0,0.0,48,0,1.567,0.98,1,/app/raw_data/subj01_timepoint02.mp4
0.0,0.0,0.0,0.03,0.93,2.57,0.0,1.2,0.8,1.0,0.02,0.24,0.0,0.03,0.07,0.2,0.01,0.0,0.0,0.0,0.0,1.0,1.0,0.0,1.0,1.0,1.0,0.0,0.0,0.0,0.0,0.0,0.0,0.0,0.0,49,0,1.6,0.98,1,/app/raw_data/subj01_timepoint02.mp4
0.0,0.02,0.0,0.03,0.98,2.41,0.0,1.24,0.82,0.95,0.05,0.31,0.0,0.04,0.12,0.1,0.01,0.0,0.0,0.0,0.0,1.0,1.0,0.0,1.0,1.0,1.0,0.0,0.0,0.0,0.0,0.0,0.0,0.0,0.0,50,0,1.633,0.98,1,/app/raw_data/subj01_timepoint02.mp4
0.0,0.02,0.0,0.06,1.03,2.55,0.0,1.21,0.9,1.09,0.07,0.33,0.0,0.03,0.12,0.03,0.11,0.0,0.0,0.0,0.0,1.0,1.0,0.0,1.0,1.0,1.0,0.0,0.0,0.0,0.0,0.0,0.0,0.0,0.0,51,0,1.6669999999999998,0.98,1,/app/raw_data/subj01_timepoint02.mp4
0.0,0.05,0.0,0.05,1.05,2.43,0.0,1.28,0.92,1.16,0.09,0.34,0.05,0.03,0.14,0.03,0.15,0.0,0.0,0.0,0.0,1.0,1.0,0.0,1.0,1.0,1.0,0.0,0.0,0.0,0.0,0.0,0.0,0.0,0.0,52,0,1.7,0.98,1,/app/raw_data/subj01_timepoint02.mp4
0.0,0.1,0.0,0.05,1.03,2.53,0.0,1.36,0.94,1.29,0.05,0.44,0.05,0.02,0.04,0.0,0.2,0.0,0.0,0.0,0.0,1.0,1.0,0.0,1.0,1.0,1.0,0.0,0.0,0.0,0.0,0.0,0.0,0.0,0.0,53,0,1.733,0.98,1,/app/raw_data/subj01_timepoint02.mp4
0.0,0.1,0.0,0.02,1.0,2.48,0.0,1.4,0.94,1.37,0.09,0.53,0.15,0.01,0.04,0.0,0.1,0.0,0.0,0.0,0.0,1.0,1.0,0.0,1.0,1.0,1.0,0.0,0.0,0.0,0.0,0.0,0.0,0.0,0.0,54,0,1.767,0.98,1,/app/raw_data/subj01_timepoint02.mp4
0.0,0.07,0.0,0.0,0.99,2.51,0.0,1.33,0.98,1.31,0.06,0.57,0.12,0.0,0.04,0.0,0.07,0.0,0.0,0.0,0.0,1.0,1.0,0.0,1.0,1.0,1.0,0.0,0.0,0.0,0.0,0.0,0.0,0.0,0.0,55,0,1.8,0.98,1,/app/raw_data/subj01_timepoint02.mp4
0.0,0.0,0.0,0.0,0.99,2.48,0.0,1.28,0.97,1.2,0.06,0.53,0.22,0.0,0.05,0.0,0.08,0.0,0.0,0.0,0.0,1.0,1.0,0.0,1.0,1.0,1.0,0.0,0.0,0.0,0.0,0.0,0.0,0.0,0.0,56,0,1.8330000000000002,0.98,1,/app/raw_data/subj01_timepoint02.mp4
0.0,0.03,0.0,0.05,0.98,2.48,0.0,1.27,0.92,1.03,0.0,0.52,0.23,0.0,0.05,0.0,0.1,0.0,0.0,0.0,0.0,1.0,1.0,0.0,1.0,1.0,1.0,0.0,0.0,0.0,0.0,0.0,0.0,0.0,0.0,57,0,1.867,0.98,1,/app/raw_data/subj01_timepoint02.mp4
0.0,0.03,0.0,0.05,0.96,2.47,0.0,1.28,0.91,0.91,0.0,0.49,0.21,0.0,0.03,0.0,0.18,0.0,0.0,0.0,0.0,1.0,1.0,0.0,1.0,1.0,1.0,0.0,0.0,0.0,0.0,0.0,0.0,0.0,0.0,58,0,1.9,0.98,1,/app/raw_data/subj01_timepoint02.mp4
0.0,0.03,0.0,0.09,0.96,2.37,0.0,1.31,0.9,0.78,0.0,0.54,0.11,0.0,0.08,0.0,0.12,0.0,0.0,0.0,0.0,1.0,1.0,0.0,1.0,1.0,1.0,0.0,0.0,0.0,0.0,0.0,0.0,0.0,0.0,59,0,1.933,0.98,1,/app/raw_data/subj01_timepoint02.mp4
0.0,0.0,0.0,0.04,0.96,2.11,0.0,1.36,0.93,0.68,0.02,0.54,0.0,0.0,0.08,0.0,0.13,0.0,0.0,0.0,0.0,1.0,1.0,0.0,1.0,1.0,1.0,0.0,0.0,0.0,0.0,0.0,0.0,0.0,0.0,60,0,1.9669999999999999,0.98,1,/app/raw_data/subj01_timepoint02.mp4
0.0,0.0,0.0,0.04,0.9,1.96,0.0,1.32,0.91,0.77,0.02,0.57,0.0,0.0,0.07,0.06,0.03,0.0,0.0,0.0,0.0,1.0,1.0,0.0,1.0,1.0,1.0,0.0,0.0,0.0,0.0,0.0,0.0,0.0,0.0,61,0,2.0,0.98,1,/app/raw_data/subj01_timepoint02.mp4
0.0,0.0,0.0,0.01,0.89,1.98,0.0,1.24,0.93,0.73,0.06,0.51,0.0,0.0,0.01,0.1,0.05,0.0,0.0,0.0,0.0,1.0,1.0,0.0,1.0,1.0,1.0,0.0,0.0,0.0,0.0,0.0,0.0,0.0,0.0,62,0,2.033,0.98,1,/app/raw_data/subj01_timepoint02.mp4
0.0,0.0,0.0,0.01,0.9,2.21,0.0,1.08,0.89,0.85,0.04,0.49,0.0,0.0,0.01,0.1,0.03,0.0,0.0,0.0,0.0,1.0,1.0,0.0,1.0,1.0,1.0,0.0,0.0,0.0,0.0,0.0,0.0,0.0,0.0,63,0,2.0669999999999997,0.98,1,/app/raw_data/subj01_timepoint02.mp4
0.0,0.0,0.0,0.01,0.96,2.29,0.0,1.03,0.89,0.8,0.04,0.51,0.0,0.0,0.04,0.07,0.03,0.0,0.0,0.0,0.0,1.0,1.0,0.0,1.0,1.0,1.0,0.0,0.0,0.0,0.0,0.0,0.0,0.0,0.0,64,0,2.1,0.98,1,/app/raw_data/subj01_timepoint02.mp4
0.0,0.0,0.0,0.0,0.96,2.18,0.0,0.93,0.88,0.95,0.0,0.45,0.0,0.0,0.04,0.03,0.0,0.0,0.0,0.0,0.0,1.0,1.0,0.0,1.0,1.0,1.0,0.0,0.0,0.0,0.0,0.0,0.0,0.0,0.0,65,0,2.133,0.98,1,/app/raw_data/subj01_timepoint02.mp4
0.0,0.0,0.0,0.0,0.94,1.98,0.0,0.93,0.93,0.95,0.0,0.44,0.0,0.0,0.04,0.06,0.0,0.0,0.0,0.0,0.0,1.0,1.0,0.0,1.0,1.0,1.0,0.0,0.0,0.0,0.0,0.0,0.0,0.0,0.0,66,0,2.167,0.98,1,/app/raw_data/subj01_timepoint02.mp4
0.0,0.0,0.0,0.0,0.9,1.89,0.0,0.83,0.94,1.04,0.02,0.31,0.0,0.0,0.0,0.18,0.0,0.0,0.0,0.0,0.0,1.0,1.0,0.0,1.0,1.0,1.0,0.0,0.0,0.0,0.0,0.0,0.0,0.0,0.0,67,0,2.2,0.98,1,/app/raw_data/subj01_timepoint02.mp4
0.0,0.0,0.0,0.0,0.82,2.03,0.04,0.7,0.88,1.04,0.02,0.37,0.05,0.0,0.0,0.46,0.0,0.0,0.0,0.0,0.0,1.0,1.0,0.0,1.0,1.0,1.0,0.0,0.0,0.0,0.0,0.0,0.0,0.0,0.0,68,0,2.233,0.98,1,/app/raw_data/subj01_timepoint02.mp4
0.0,0.0,0.0,0.0,0.79,2.21,0.15,0.58,0.87,0.98,0.04,0.3,0.07,0.0,0.01,0.63,0.02,0.0,0.0,0.0,0.0,1.0,1.0,0.0,1.0,1.0,1.0,0.0,0.0,0.0,0.0,0.0,0.0,0.0,0.0,69,0,2.267,0.98,1,/app/raw_data/subj01_timepoint02.mp4
0.0,0.0,0.0,0.0,0.78,2.31,0.19,0.49,0.83,0.82,0.02,0.24,0.17,0.0,0.08,0.6,0.08,0.0,0.0,0.0,0.0,1.0,1.0,0.0,1.0,1.0,1.0,0.0,0.0,0.0,0.0,0.0,0.0,0.0,0.0,70,0,2.3,0.98,1,/app/raw_data/subj01_timepoint02.mp4
0.0,0.0,0.0,0.0,0.84,2.31,0.23,0.46,0.85,0.77,0.02,0.13,0.12,0.0,0.21,0.47,0.08,0.0,0.0,0.0,0.0,1.0,1.0,0.0,1.0,1.0,1.0,0.0,0.0,0.0,0.0,0.0,0.0,0.0,0.0,71,0,2.333,0.98,1,/app/raw_data/subj01_timepoint02.mp4
0.0,0.0,0.0,0.0,0.85,2.27,0.15,0.43,0.8,0.83,0.0,0.02,0.09,0.0,0.28,0.43,0.05,0.0,0.0,0.0,0.0,1.0,1.0,0.0,1.0,1.0,1.0,0.0,0.0,0.0,0.0,0.0,0.0,0.0,0.0,72,0,2.367,0.98,1,/app/raw_data/subj01_timepoint02.mp4
0.0,0.0,0.0,0.0,0.86,2.2,0.16,0.41,0.79,1.07,0.0,0.02,0.1,0.0,0.31,0.53,0.0,0.0,0.0,0.0,0.0,1.0,1.0,0.0,1.0,1.0,1.0,0.0,0.0,0.0,0.0,0.0,0.0,0.0,0.0,73,0,2.4,0.98,1,/app/raw_data/subj01_timepoint02.mp4
0.0,0.0,0.0,0.0,0.84,2.2,0.15,0.41,0.76,1.19,0.0,0.01,0.12,0.0,0.17,0.61,0.0,0.0,0.0,0.0,0.0,1.0,1.0,0.0,1.0,1.0,1.0,0.0,0.0,0.0,0.0,0.0,0.0,0.0,0.0,74,0,2.4330000000000003,0.98,1,/app/raw_data/subj01_timepoint02.mp4
0.0,0.0,0.0,0.0,0.82,2.28,0.18,0.36,0.72,1.22,0.03,0.01,0.15,0.0,0.13,0.75,0.0,0.0,0.0,0.0,0.0,1.0,1.0,0.0,1.0,1.0,1.0,0.0,0.0,0.0,0.0,0.0,0.0,0.0,0.0,75,0,2.467,0.98,1,/app/raw_data/subj01_timepoint02.mp4
0.0,0.0,0.0,0.0,0.81,2.36,0.17,0.32,0.68,1.15,0.03,0.01,0.07,0.0,0.06,0.72,0.0,0.0,0.0,0.0,0.0,1.0,1.0,0.0,1.0,1.0,1.0,0.0,0.0,0.0,0.0,0.0,0.0,0.0,0.0,76,0,2.5,0.98,1,/app/raw_data/subj01_timepoint02.mp4
0.02,0.0,0.0,0.0,0.8,2.46,0.11,0.35,0.69,1.16,0.05,0.0,0.12,0.0,0.09,0.9,0.0,0.0,0.0,0.0,0.0,1.0,1.0,0.0,1.0,1.0,1.0,0.0,0.0,0.0,0.0,0.0,0.0,0.0,0.0,77,0,2.533,0.98,1,/app/raw_data/subj01_timepoint02.mp4
0.03,0.0,0.0,0.0,0.76,2.5,0.07,0.46,0.74,1.19,0.02,0.0,0.12,0.0,0.12,0.94,0.0,0.0,0.0,0.0,0.0,1.0,1.0,0.0,1.0,1.0,1.0,0.0,0.0,0.0,0.0,0.0,0.0,0.0,0.0,78,0,2.5669999999999997,0.98,1,/app/raw_data/subj01_timepoint02.mp4
0.04,0.0,0.0,0.0,0.74,2.52,0.04,0.54,0.77,1.28,0.02,0.06,0.11,0.01,0.09,1.1,0.0,0.0,0.0,0.0,0.0,1.0,1.0,0.0,1.0,1.0,1.0,0.0,0.0,0.0,0.0,0.0,0.0,0.0,0.0,79,0,2.6,0.98,1,/app/raw_data/subj01_timepoint02.mp4
0.02,0.0,0.0,0.0,0.77,2.43,0.04,0.61,0.78,1.27,0.0,0.09,0.04,0.02,0.07,1.0,0.0,0.0,0.0,0.0,0.0,1.0,1.0,0.0,1.0,1.0,1.0,0.0,0.0,0.0,0.0,0.0,0.0,0.0,0.0,80,0,2.633,0.98,1,/app/raw_data/subj01_timepoint02.mp4
0.03,0.0,0.0,0.0,0.84,2.31,0.06,0.63,0.75,1.27,0.05,0.09,0.02,0.02,0.01,0.78,0.0,0.0,0.0,0.0,0.0,1.0,1.0,0.0,1.0,1.0,1.0,0.0,0.0,0.0,0.0,0.0,0.0,0.0,0.0,81,0,2.667,0.98,1,/app/raw_data/subj01_timepoint02.mp4
0.04,0.0,0.0,0.0,0.87,2.26,0.05,0.72,0.78,1.14,0.05,0.04,0.0,0.0,0.01,0.64,0.0,0.0,0.0,0.0,0.0,1.0,1.0,0.0,1.0,1.0,1.0,0.0,0.0,0.0,0.0,0.0,0.0,0.0,0.0,82,0,2.7,0.98,1,/app/raw_data/subj01_timepoint02.mp4
0.06,0.0,0.0,0.0,0.91,2.43,0.05,0.75,0.78,1.1,0.05,0.01,0.02,0.0,0.0,0.48,0.0,0.0,0.0,0.0,0.0,1.0,1.0,0.0,1.0,1.0,1.0,0.0,0.0,0.0,0.0,0.0,0.0,0.0,0.0,83,0,2.733,0.98,1,/app/raw_data/subj01_timepoint02.mp4
0.04,0.0,0.0,0.0,0.9,2.57,0.0,0.86,0.83,1.05,0.0,0.01,0.02,0.0,0.02,0.56,0.0,0.0,0.0,0.0,0.0,1.0,1.0,0.0,1.0,1.0,1.0,0.0,0.0,0.0,0.0,0.0,0.0,0.0,0.0,84,0,2.767,0.98,1,/app/raw_data/subj01_timepoint02.mp4
0.02,0.0,0.0,0.0,0.96,2.81,0.0,0.96,0.86,1.16,0.0,0.0,0.02,0.0,0.03,0.49,0.0,0.0,0.0,0.0,0.0,1.0,1.0,0.0,1.0,1.0,1.0,0.0,0.0,0.0,0.0,0.0,0.0,0.0,0.0,85,0,2.8,0.98,1,/app/raw_data/subj01_timepoint02.mp4
0.0,0.0,0.0,0.01,1.01,2.83,0.0,1.16,0.87,1.21,0.0,0.01,0.0,0.03,0.03,0.43,0.0,0.0,0.0,0.0,0.0,1.0,1.0,0.0,1.0,1.0,1.0,0.0,0.0,0.0,0.0,0.0,0.0,0.0,0.0,86,0,2.833,0.98,1,/app/raw_data/subj01_timepoint02.mp4
0.0,0.0,0.0,0.01,1.01,2.85,0.0,1.31,0.87,1.37,0.02,0.07,0.0,0.1,0.02,0.33,0.0,0.0,0.0,0.0,0.0,1.0,1.0,0.0,1.0,1.0,1.0,0.0,0.0,0.0,0.0,0.0,0.0,0.0,0.0,87,0,2.867,0.98,1,/app/raw_data/subj01_timepoint02.mp4
0.0,0.1,0.0,0.01,1.01,2.5,0.0,1.38,0.78,1.42,0.02,0.08,0.0,0.1,0.0,0.21,0.0,0.0,0.0,0.0,0.0,1.0,1.0,0.0,1.0,1.0,1.0,0.0,0.0,0.0,0.0,0.0,0.0,0.0,0.0,88,0,2.9,0.98,1,/app/raw_data/subj01_timepoint02.mp4
0.0,0.16,0.0,0.0,0.98,2.23,0.0,1.34,0.79,1.55,0.02,0.13,0.0,0.1,0.01,0.24,0.0,0.0,0.0,0.0,0.0,1.0,1.0,0.0,1.0,1.0,1.0,0.0,0.0,0.0,0.0,0.0,0.0,0.0,0.0,89,0,2.9330000000000003,0.98,1,/app/raw_data/subj01_timepoint02.mp4
0.0,0.25,0.0,0.0,1.0,2.07,0.0,1.43,0.78,1.47,0.0,0.19,0.0,0.11,0.01,0.12,0.11,0.0,1.0,0.0,0.0,1.0,1.0,0.0,1.0,1.0,1.0,0.0,0.0,0.0,0.0,0.0,0.0,0.0,0.0,90,0,2.967,0.98,1,/app/raw_data/subj01_timepoint02.mp4
0.0,0.25,0.0,0.0,0.96,2.18,0.0,1.52,0.82,1.48,0.02,0.25,0.0,0.15,0.01,0.12,0.24,0.0,1.0,0.0,0.0,1.0,1.0,0.0,1.0,1.0,1.0,0.0,0.0,0.0,0.0,0.0,0.0,0.0,0.0,91,0,3.0,0.98,1,/app/raw_data/subj01_timepoint02.mp4
0.0,0.22,0.0,0.0,0.98,2.21,0.04,1.67,0.79,1.51,0.02,0.37,0.0,0.12,0.0,0.03,0.27,0.0,1.0,0.0,0.0,1.0,1.0,0.0,1.0,1.0,1.0,0.0,0.0,0.0,0.0,0.0,0.0,0.0,0.0,92,0,3.033,0.98,1,/app/raw_data/subj01_timepoint02.mp4
0.0,0.13,0.0,0.0,0.97,2.19,0.1,1.6,0.81,1.61,0.04,0.3,0.0,0.09,0.05,0.03,0.23,0.0,1.0,0.0,0.0,1.0,1.0,0.0,1.0,1.0,1.0,0.0,0.0,0.0,0.0,0.0,0.0,0.0,0.0,93,0,3.0669999999999997,0.98,1,/app/raw_data/subj01_timepoint02.mp4
0.0,0.14,0.0,0.0,0.98,2.24,0.13,1.49,0.83,1.53,0.03,0.34,0.0,0.17,0.08,0.07,0.1,0.0,1.0,0.0,0.0,1.0,1.0,0.0,1.0,1.0,1.0,0.0,0.0,0.0,0.0,0.0,0.0,0.0,0.0,94,0,3.1,0.98,1,/app/raw_data/subj01_timepoint02.mp4
0.04,0.2,0.0,0.0,0.99,2.29,0.12,1.46,0.86,1.55,0.07,0.33,0.0,0.24,0.17,0.05,0.13,0.0,1.0,0.0,0.0,1.0,1.0,0.0,1.0,1.0,1.0,0.0,0.0,0.0,0.0,0.0,0.0,0.0,0.0,95,0,3.133,0.98,1,/app/raw_data/subj01_timepoint02.mp4
0.09,0.27,0.0,0.0,1.01,2.19,0.11,1.49,0.85,1.56,0.06,0.42,0.0,0.29,0.22,0.05,0.15,0.0,1.0,0.0,0.0,1.0,1.0,0.0,1.0,1.0,1.0,0.0,0.0,0.0,0.0,0.0,0.0,0.0,0.0,96,0,3.167,0.98,1,/app/raw_data/subj01_timepoint02.mp4
0.09,0.25,0.0,0.0,1.0,2.11,0.09,1.57,0.91,1.54,0.06,0.34,0.0,0.28,0.34,0.0,0.17,0.0,1.0,0.0,0.0,1.0,1.0,0.0,1.0,1.0,1.0,0.0,0.0,0.0,0.0,0.0,0.0,0.0,0.0,97,0,3.2,0.98,1,/app/raw_data/subj01_timepoint02.mp4
0.08,0.25,0.0,0.0,1.01,2.0,0.11,1.53,0.98,1.44,0.03,0.27,0.0,0.26,0.34,0.0,0.14,0.0,1.0,0.0,0.0,1.0,1.0,0.0,1.0,1.0,1.0,1.0,0.0,0.0,0.0,0.0,0.0,0.0,0.0,98,0,3.233,0.98,1,/app/raw_data/subj01_timepoint02.mp4
0.12,0.26,0.0,0.0,1.0,2.13,0.06,1.5,1.03,1.37,0.09,0.26,0.0,0.2,0.29,0.0,0.08,0.0,1.0,0.0,0.0,1.0,1.0,0.0,1.0,1.0,1.0,1.0,0.0,0.0,0.0,0.0,0.0,0.0,0.0,99,0,3.267,0.98,1,/app/raw_data/subj01_timepoint02.mp4
0.12,0.27,0.0,0.0,1.02,2.11,0.11,1.45,0.99,1.38,0.09,0.37,0.0,0.09,0.28,0.0,0.16,0.0,1.0,0.0,0.0,1.0,1.0,0.0,1.0,1.0,1.0,1.0,0.0,0.0,0.0,0.0,0.0,0.0,0.0,100,0,3.3,0.98,1,/app/raw_data/subj01_timepoint02.mp4
0.08,0.19,0.0,0.0,0.99,2.18,0.13,1.38,0.91,1.32,0.06,0.35,0.0,0.05,0.26,0.0,0.12,0.0,1.0,0.0,0.0,1.0,1.0,0.0,1.0,1.0,1.0,0.0,0.0,0.0,0.0,0.0,0.0,0.0,0.0,101,0,3.333,0.98,1,/app/raw_data/subj01_timepoint02.mp4
0.0,0.16,0.0,0.0,0.99,2.12,0.15,1.34,0.85,1.26,0.13,0.34,0.0,0.0,0.24,0.0,0.1,0.0,1.0,0.0,0.0,1.0,1.0,0.0,1.0,1.0,1.0,0.0,0.0,0.0,0.0,0.0,0.0,0.0,0.0,102,0,3.367,0.98,1,/app/raw_data/subj01_timepoint02.mp4
0.0,0.12,0.0,0.0,0.95,2.13,0.07,1.32,0.82,1.13,0.18,0.33,0.0,0.0,0.16,0.0,0.0,0.0,0.0,0.0,0.0,1.0,1.0,0.0,1.0,1.0,1.0,0.0,0.0,0.0,0.0,0.0,0.0,0.0,0.0,103,0,3.4,0.98,1,/app/raw_data/subj01_timepoint02.mp4
0.0,0.1,0.0,0.03,0.91,2.09,0.02,1.28,0.81,1.01,0.18,0.37,0.0,0.0,0.08,0.0,0.05,0.0,0.0,0.0,0.0,1.0,1.0,0.0,1.0,1.0,1.0,0.0,0.0,0.0,0.0,0.0,0.0,0.0,0.0,104,0,3.4330000000000003,0.98,1,/app/raw_data/subj01_timepoint02.mp4
0.0,0.04,0.0,0.03,0.87,2.03,0.0,1.23,0.81,0.92,0.09,0.34,0.0,0.0,0.06,0.0,0.14,0.0,0.0,0.0,0.0,1.0,1.0,0.0,1.0,1.0,1.0,0.0,0.0,0.0,0.0,0.0,0.0,0.0,0.0,105,0,3.467,0.98,1,/app/raw_data/subj01_timepoint02.mp4
0.0,0.0,0.0,0.03,0.81,1.86,0.0,1.13,0.83,1.04,0.08,0.31,0.0,0.0,0.0,0.04,0.16,0.0,0.0,0.0,0.0,1.0,1.0,0.0,1.0,1.0,1.0,0.0,0.0,0.0,0.0,0.0,0.0,0.0,0.0,106,0,3.5,0.98,1,/app/raw_data/subj01_timepoint02.mp4
0.0,0.01,0.0,0.03,0.75,1.66,0.0,1.05,0.79,1.05,0.12,0.25,0.0,0.0,0.0,0.04,0.18,0.0,0.0,0.0,0.0,1.0,1.0,0.0,1.0,1.0,1.0,0.0,0.0,0.0,0.0,0.0,0.0,0.0,0.0,107,0,3.533,0.98,1,/app/raw_data/subj01_timepoint02.mp4
0.02,0.01,0.0,0.03,0.66,1.54,0.0,0.98,0.82,0.96,0.14,0.3,0.0,0.02,0.03,0.04,0.29,0.0,0.0,0.0,0.0,1.0,1.0,0.0,1.0,1.0,1.0,0.0,0.0,0.0,0.0,0.0,0.0,0.0,0.0,108,0,3.5669999999999997,0.98,1,/app/raw_data/subj01_timepoint02.mp4
0.08,0.01,0.0,0.03,0.61,1.42,0.0,0.92,0.87,0.74,0.17,0.27,0.0,0.14,0.11,0.06,0.28,0.0,0.0,0.0,0.0,0.0,0.0,0.0,1.0,1.0,1.0,0.0,0.0,0.0,0.0,0.0,0.0,0.0,0.0,109,0,3.6,0.98,1,/app/raw_data/subj01_timepoint02.mp4
0.09,0.0,0.0,0.0,0.56,1.32,0.0,0.83,1.01,0.71,0.25,0.4,0.0,0.28,0.3,0.15,0.22,0.0,0.0,0.0,0.0,0.0,0.0,0.0,1.0,1.0,1.0,0.0,0.0,0.0,0.0,0.0,0.0,0.0,0.0,110,0,3.633,0.98,1,/app/raw_data/subj01_timepoint02.mp4
0.1,0.0,0.0,0.0,0.48,1.23,0.0,0.8,1.11,0.74,0.33,0.43,0.0,0.41,0.41,0.16,0.01,0.0,0.0,0.0,0.0,0.0,0.0,0.0,1.0,1.0,1.0,0.0,0.0,0.0,0.0,0.0,0.0,0.0,0.0,111,0,3.667,0.98,1,/app/raw_data/subj01_timepoint02.mp4
0.05,0.0,0.0,0.0,0.46,1.08,0.0,0.82,1.1,0.84,0.4,0.5,0.01,0.32,0.44,0.1,0.02,0.0,0.0,0.0,0.0,0.0,0.0,0.0,1.0,1.0,1.0,0.0,0.0,0.0,0.0,0.0,0.0,0.0,0.0,112,0,3.7,0.98,1,/app/raw_data/subj01_timepoint02.mp4
0.12,0.06,0.0,0.0,0.41,1.05,0.0,0.67,1.15,0.8,0.48,0.46,0.1,0.24,0.47,0.05,0.05,1.0,0.0,0.0,0.0,0.0,0.0,0.0,1.0,1.0,1.0,0.0,0.0,0.0,0.0,0.0,0.0,0.0,0.0,113,0,3.733,0.98,1,/app/raw_data/subj01_timepoint02.mp4
0.2,0.06,0.0,0.0,0.42,1.15,0.0,0.61,1.19,0.74,0.53,0.48,0.13,0.15,0.56,0.06,0.05,1.0,0.0,0.0,0.0,0.0,0.0,0.0,1.0,1.0,1.0,0.0,0.0,0.0,0.0,0.0,0.0,0.0,0.0,114,0,3.767,0.98,1,/app/raw_data/subj01_timepoint02.mp4
0.38,0.06,0.0,0.0,0.42,1.35,0.0,0.55,1.23,0.71,0.55,0.55,0.18,0.2,0.57,0.06,0.02,1.0,0.0,0.0,0.0,0.0,0.0,0.0,1.0,1.0,1.0,0.0,0.0,0.0,0.0,0.0,0.0,0.0,0.0,115,0,3.8,0.98,1,/app/raw_data/subj01_timepoint02.mp4
0.45,0.0,0.0,0.0,0.5,1.41,0.0,0.63,1.17,0.8,0.41,0.56,0.19,0.14,0.45,0.02,0.0,1.0,0.0,0.0,0.0,0.0,0.0,0.0,1.0,1.0,1.0,0.0,0.0,0.0,0.0,0.0,0.0,0.0,0.0,116,0,3.833,0.98,1,/app/raw_data/subj01_timepoint02.mp4
0.55,0.0,0.0,0.08,0.58,1.19,0.0,0.53,1.11,0.75,0.3,0.67,0.27,0.08,0.22,0.0,0.0,1.0,0.0,0.0,0.0,1.0,0.0,0.0,1.0,1.0,1.0,0.0,1.0,0.0,0.0,0.0,0.0,0.0,0.0,117,0,3.867,0.98,1,/app/raw_data/subj01_timepoint02.mp4
0.47,0.0,0.0,0.08,0.66,1.22,0.0,0.53,1.09,0.74,0.29,0.72,0.42,0.0,0.14,0.0,0.0,1.0,0.0,0.0,0.0,1.0,1.0,0.0,1.0,1.0,1.0,0.0,1.0,0.0,0.0,0.0,0.0,0.0,0.0,118,0,3.9,0.98,1,/app/raw_data/subj01_timepoint02.mp4
0.54,0.0,0.0,0.08,0.68,1.34,0.0,0.55,1.07,0.71,0.44,0.88,0.54,0.0,0.04,0.0,0.0,1.0,0.0,0.0,0.0,1.0,1.0,0.0,1.0,1.0,1.0,0.0,1.0,0.0,0.0,0.0,0.0,0.0,0.0,119,0,3.9330000000000003,0.98,1,/app/raw_data/subj01_timepoint02.mp4
0.53,0.0,0.0,0.0,0.77,1.59,0.0,0.66,1.06,0.81,0.53,0.83,0.51,0.0,0.05,0.0,0.0,1.0,0.0,0.0,0.0,1.0,1.0,0.0,1.0,1.0,1.0,0.0,1.0,0.0,0.0,0.0,0.0,0.0,0.0,120,0,3.967,0.98,1,/app/raw_data/subj01_timepoint02.mp4
0.59,0.01,0.0,0.0,0.77,1.67,0.0,0.68,1.04,0.77,0.54,0.82,0.48,0.0,0.01,0.0,0.0,1.0,0.0,0.0,0.0,1.0,1.0,0.0,1.0,1.0,1.0,0.0,1.0,0.0,0.0,0.0,0.0,0.0,0.0,121,0,4.0,0.98,1,/app/raw_data/subj01_timepoint02.mp4
0.56,0.02,0.0,0.0,0.79,1.78,0.0,0.67,1.05,0.67,0.4,0.72,0.44,0.0,0.08,0.0,0.0,1.0,0.0,0.0,0.0,1.0,1.0,0.0,1.0,1.0,1.0,0.0,1.0,0.0,0.0,0.0,0.0,0.0,0.0,122,0,4.033,0.98,1,/app/raw_data/subj01_timepoint02.mp4
0.57,0.1,0.0,0.0,0.67,1.81,0.03,0.52,1.02,0.65,0.47,0.65,0.5,0.0,0.18,0.0,0.1,1.0,0.0,0.0,0.0,1.0,1.0,0.0,1.0,1.0,1.0,0.0,1.0,0.0,0.0,0.0,0.0,0.0,0.0,123,0,4.067,0.98,1,/app/raw_data/subj01_timepoint02.mp4
0.64,0.11,0.0,0.04,0.59,1.82,0.03,0.43,1.03,0.63,0.54,0.6,0.54,0.0,0.23,0.0,0.1,1.0,0.0,0.0,0.0,1.0,1.0,0.0,1.0,1.0,1.0,0.0,1.0,0.0,0.0,0.0,0.0,0.0,0.0,124,0,4.1,0.98,1,/app/raw_data/subj01_timepoint02.mp4
0.6,0.13,0.0,0.04,0.54,1.68,0.03,0.41,1.04,0.69,0.72,0.53,0.6,0.0,0.16,0.0,0.1,1.0,0.0,0.0,0.0,1.0,1.0,0.0,1.0,1.0,1.0,0.0,1.0,0.0,0.0,0.0,0.0,0.0,0.0,125,0,4.133,0.98,1,/app/raw_data/subj01_timepoint02.mp4
0.58,0.05,0.0,0.04,0.57,1.66,0.0,0.51,1.06,0.72,0.73,0.58,0.5,0.0,0.09,0.0,0.04,1.0,0.0,0.0,0.0,0.0,1.0,0.0,1.0,1.0,1.0,0.0,1.0,0.0,0.0,0.0,0.0,0.0,0.0,126,0,4.167,0.98,1,/app/raw_data/subj01_timepoint02.mp4
0.58,0.15,0.0,0.0,0.55,1.67,0.0,0.53,1.03,0.75,0.72,0.61,0.43,0.0,0.05,0.06,0.05,1.0,0.0,0.0,0.0,0.0,1.0,0.0,1.0,1.0,1.0,0.0,1.0,0.0,0.0,0.0,0.0,0.0,0.0,127,0,4.2,0.98,1,/app/raw_data/subj01_timepoint02.mp4
0.71,0.18,0.0,0.0,0.51,1.52,0.0,0.53,1.0,0.72,0.74,0.75,0.25,0.0,0.22,0.14,0.1,1.0,0.0,0.0,0.0,0.0,1.0,0.0,1.0,1.0,1.0,0.0,1.0,0.0,0.0,0.0,0.0,0.0,0.0,128,0,4.2330000000000005,0.98,1,/app/raw_data/subj01_timepoint02.mp4
0.8,0.29,0.0,0.0,0.41,1.57,0.0,0.46,0.97,0.65,0.77,0.8,0.31,0.0,0.32,0.17,0.06,1.0,0.0,0.0,0.0,0.0,1.0,0.0,1.0,1.0,1.0,0.0,1.0,0.0,0.0,0.0,0.0,0.0,0.0,129,0,4.2669999999999995,0.98,1,/app/raw_data/subj01_timepoint02.mp4
0.78,0.24,0.0,0.0,0.37,1.39,0.0,0.34,0.98,0.67,0.72,0.73,0.17,0.0,0.45,0.29,0.06,1.0,0.0,0.0,0.0,0.0,1.0,0.0,1.0,1.0,1.0,0.0,1.0,0.0,0.0,0.0,0.0,0.0,0.0,130,0,4.3,0.98,1,/app/raw_data/subj01_timepoint02.mp4
0.59,0.29,0.0,0.0,0.41,1.5,0.0,0.28,0.98,0.73,0.65,0.61,0.11,0.0,0.37,0.27,0.0,1.0,0.0,0.0,0.0,0.0,1.0,0.0,1.0,1.0,1.0,0.0,1.0,0.0,0.0,0.0,0.0,0.0,0.0,131,0,4.333,0.98,1,/app/raw_data/subj01_timepoint02.mp4
0.45,0.19,0.0,0.01,0.49,1.43,0.0,0.23,1.01,0.68,0.53,0.5,0.0,0.0,0.3,0.44,0.04,0.0,0.0,0.0,0.0,0.0,1.0,0.0,1.0,1.0,1.0,0.0,0.0,0.0,0.0,0.0,0.0,0.0,0.0,132,0,4.367,0.98,1,/app/raw_data/subj01_timepoint02.mp4
0.33,0.11,0.0,0.01,0.55,1.64,0.0,0.31,0.94,0.58,0.49,0.45,0.0,0.03,0.33,0.4,0.04,0.0,0.0,0.0,0.0,0.0,1.0,0.0,1.0,1.0,1.0,0.0,0.0,0.0,0.0,0.0,0.0,0.0,0.0,133,0,4.4,0.98,1,/app/raw_data/subj01_timepoint02.mp4
0.33,0.01,0.0,0.04,0.54,1.85,0.0,0.4,0.85,0.53,0.37,0.36,0.0,0.08,0.28,0.55,0.04,0.0,0.0,0.0,0.0,0.0,1.0,0.0,1.0,1.0,1.0,0.0,0.0,0.0,0.0,0.0,0.0,0.0,0.0,134,0,4.433,0.98,1,/app/raw_data/subj01_timepoint02.mp4
0.23,0.01,0.0,0.03,0.52,2.01,0.0,0.43,0.75,0.69,0.22,0.25,0.0,0.1,0.3,0.5,0.0,0.0,0.0,0.0,0.0,0.0,1.0,0.0,1.0,1.0,1.0,0.0,0.0,0.0,0.0,0.0,0.0,0.0,0.0,135,0,4.467,0.98,1,/app/raw_data/subj01_timepoint02.mp4
0.15,0.01,0.0,0.04,0.49,2.03,0.0,0.45,0.66,0.96,0.07,0.2,0.0,0.15,0.13,0.48,0.01,0.0,0.0,0.0,0.0,0.0,1.0,0.0,1.0,1.0,1.0,0.0,0.0,0.0,0.0,0.0,0.0,0.0,0.0,136,0,4.5,0.98,1,/app/raw_data/subj01_timepoint02.mp4
0.04,0.0,0.0,0.01,0.49,2.04,0.0,0.42,0.65,1.11,0.0,0.11,0.0,0.15,0.08,0.36,0.05,0.0,0.0,0.0,0.0,0.0,1.0,0.0,1.0,1.0,1.0,0.0,0.0,0.0,0.0,0.0,0.0,0.0,0.0,137,0,4.533,0.98,1,/app/raw_data/subj01_timepoint02.mp4
0.0,0.0,0.0,0.01,0.47,2.03,0.0,0.46,0.62,1.12,0.0,0.08,0.0,0.22,0.01,0.45,0.08,0.0,0.0,0.0,0.0,0.0,1.0,0.0,1.0,1.0,1.0,0.0,0.0,0.0,0.0,0.0,0.0,0.0,0.0,138,0,4.567,0.98,1,/app/raw_data/subj01_timepoint02.mp4
0.0,0.0,0.0,0.02,0.5,1.93,0.0,0.47,0.68,1.01,0.0,0.02,0.0,0.18,0.02,0.6,0.15,0.0,0.0,0.0,0.0,0.0,1.0,0.0,1.0,1.0,1.0,0.0,0.0,0.0,0.0,0.0,0.0,0.0,0.0,139,0,4.6,0.98,1,/app/raw_data/subj01_timepoint02.mp4
0.0,0.0,0.0,0.02,0.49,1.71,0.0,0.53,0.74,1.01,0.0,0.04,0.0,0.22,0.03,0.66,0.15,0.0,0.0,0.0,0.0,0.0,0.0,0.0,1.0,1.0,1.0,0.0,0.0,0.0,0.0,0.0,0.0,0.0,0.0,140,0,4.633,0.98,1,/app/raw_data/subj01_timepoint02.mp4
0.0,0.0,0.0,0.02,0.48,1.64,0.0,0.52,0.78,1.08,0.0,0.06,0.0,0.21,0.09,0.63,0.12,0.0,0.0,0.0,0.0,0.0,0.0,0.0,1.0,1.0,1.0,0.0,0.0,0.0,0.0,0.0,0.0,0.0,0.0,141,0,4.667,0.98,1,/app/raw_data/subj01_timepoint02.mp4
0.0,0.0,0.0,0.0,0.45,1.55,0.0,0.5,0.83,1.16,0.0,0.1,0.0,0.24,0.07,0.5,0.04,0.0,0.0,0.0,0.0,0.0,0.0,0.0,1.0,1.0,1.0,0.0,0.0,0.0,0.0,0.0,0.0,0.0,0.0,142,0,4.7,0.98,1,/app/raw_data/subj01_timepoint02.mp4
0.0,0.0,0.0,0.0,0.4,1.52,0.0,0.5,0.9,1.12,0.0,0.07,0.0,0.25,0.07,0.4,0.03,0.0,0.0,0.0,0.0,0.0,0.0,0.0,1.0,1.0,1.0,0.0,0.0,0.0,0.0,0.0,0.0,0.0,0.0,143,0,4.7330000000000005,0.98,1,/app/raw_data/subj01_timepoint02.mp4
0.0,0.0,0.0,0.0,0.36,1.39,0.0,0.54,0.95,1.15,0.05,0.06,0.0,0.2,0.07,0.23,0.03,0.0,0.0,0.0,0.0,0.0,0.0,0.0,1.0,1.0,1.0,0.0,0.0,0.0,0.0,0.0,0.0,0.0,0.0,144,0,4.7669999999999995,0.98,1,/app/raw_data/subj01_timepoint02.mp4
0.01,0.0,0.0,0.0,0.34,1.49,0.0,0.62,1.0,1.17,0.1,0.08,0.0,0.18,0.07,0.19,0.04,0.0,0.0,0.0,0.0,0.0,0.0,0.0,1.0,1.0,1.0,0.0,0.0,0.0,0.0,0.0,0.0,0.0,0.0,145,0,4.8,0.98,1,/app/raw_data/subj01_timepoint02.mp4
0.03,0.0,0.0,0.0,0.38,1.56,0.0,0.66,0.95,1.22,0.2,0.18,0.0,0.18,0.09,0.12,0.01,0.0,0.0,0.0,0.0,0.0,0.0,0.0,1.0,1.0,1.0,0.0,0.0,0.0,0.0,0.0,0.0,0.0,0.0,146,0,4.833,0.98,1,/app/raw_data/subj01_timepoint02.mp4
0.03,0.0,0.0,0.0,0.43,1.66,0.0,0.71,0.94,1.19,0.29,0.23,0.0,0.23,0.09,0.21,0.07,0.0,0.0,0.0,0.0,0.0,1.0,0.0,1.0,1.0,1.0,0.0,0.0,0.0,0.0,0.0,0.0,0.0,0.0,147,0,4.867,0.98,1,/app/raw_data/subj01_timepoint02.mp4
0.04,0.03,0.0,0.02,0.51,1.74,0.0,0.69,0.91,1.09,0.31,0.24,0.04,0.2,0.09,0.23,0.11,0.0,0.0,0.0,0.0,0.0,1.0,0.0,1.0,1.0,1.0,0.0,0.0,0.0,0.0,0.0,0.0,0.0,0.0,148,0,4.9,0.98,1,/app/raw_data/subj01_timepoint02.mp4
0.07,0.02,0.0,0.02,0.56,1.88,0.0,0.75,0.91,1.13,0.21,0.18,0.04,0.11,0.12,0.31,0.19,0.0,0.0,0.0,0.0,0.0,1.0,0.0,1.0,1.0,1.0,0.0,0.0,0.0,0.0,0.0,0.0,0.0,0.0,149,0,4.933,0.98,1,/app/raw_data/subj01_timepoint02.mp4
0.13,0.02,0.0,0.02,0.62,2.14,0.0,0.74,0.88,1.15,0.07,0.16,0.04,0.03,0.12,0.25,0.14,0.0,0.0,0.0,0.0,0.0,1.0,0.0,1.0,1.0,1.0,0.0,0.0,0.0,0.0,0.0,0.0,0.0,0.0,150,0,4.967,0.98,1,/app/raw_data/subj01_timepoint02.mp4
0.14,0.0,0.0,0.0,0.61,2.16,0.0,0.75,0.81,1.17,0.0,0.14,0.0,0.0,0.12,0.22,0.15,0.0,0.0,0.0,0.0,1.0,1.0,0.0,1.0,1.0,1.0,0.0,0.0,0.0,0.0,0.0,0.0,0.0,0.0,151,0,5.0,0.98,1,/app/raw_data/subj01_timepoint02.mp4
0.19,0.0,0.0,0.0,0.66,2.29,0.0,0.66,0.76,1.09,0.0,0.17,0.0,0.0,0.11,0.17,0.07,0.0,0.0,0.0,0.0,1.0,1.0,0.0,1.0,1.0,1.0,0.0,0.0,0.0,0.0,0.0,0.0,0.0,0.0,152,0,5.033,0.98,1,/app/raw_data/subj01_timepoint02.mp4
0.18,0.0,0.0,0.0,0.64,2.18,0.0,0.57,0.76,1.0,0.0,0.13,0.0,0.01,0.15,0.18,0.08,0.0,0.0,0.0,0.0,1.0,1.0,0.0,1.0,1.0,1.0,0.0,0.0,0.0,0.0,0.0,0.0,0.0,0.0,153,0,5.067,0.98,1,/app/raw_data/subj01_timepoint02.mp4
0.16,0.0,0.0,0.03,0.68,2.23,0.0,0.58,0.79,0.91,0.0,0.07,0.0,0.02,0.24,0.14,0.11,0.0,0.0,0.0,0.0,1.0,1.0,0.0,1.0,1.0,1.0,0.0,0.0,0.0,0.0,0.0,0.0,0.0,0.0,154,0,5.1,0.98,1,/app/raw_data/subj01_timepoint02.mp4
0.15,0.0,0.0,0.03,0.7,2.26,0.0,0.73,0.86,0.96,0.0,0.0,0.0,0.04,0.25,0.11,0.19,0.0,0.0,0.0,0.0,1.0,1.0,0.0,1.0,1.0,1.0,0.0,0.0,0.0,0.0,0.0,0.0,0.0,0.0,155,0,5.132999999999999,0.98,1,/app/raw_data/subj01_timepoint02.mp4
0.12,0.0,0.0,0.03,0.7,2.2,0.0,0.93,0.88,1.02,0.0,0.0,0.0,0.03,0.15,0.09,0.25,0.0,0.0,0.0,0.0,1.0,1.0,0.0,1.0,1.0,1.0,0.0,0.0,0.0,0.0,0.0,0.0,0.0,0.0,156,0,5.167000000000001,0.98,1,/app/raw_data/subj01_timepoint02.mp4
0.17,0.0,0.0,0.0,0.69,2.17,0.0,0.96,0.88,1.13,0.0,0.04,0.0,0.02,0.08,0.05,0.28,0.0,0.0,0.0,0.0,1.0,1.0,0.0,1.0,1.0,1.0,0.0,0.0,0.0,0.0,0.0,0.0,0.0,0.0,157,0,5.2,0.98,1,/app/raw_data/subj01_timepoint02.mp4
0.2,0.03,0.0,0.0,0.62,1.96,0.0,0.97,0.9,1.08,0.0,0.13,0.0,0.0,0.07,0.05,0.31,0.0,0.0,0.0,0.0,1.0,1.0,0.0,1.0,1.0,1.0,0.0,0.0,0.0,0.0,0.0,0.0,0.0,0.0,158,0,5.233,0.98,1,/app/raw_data/subj01_timepoint02.mp4
0.18,0.03,0.0,0.0,0.64,1.96,0.0,1.02,0.91,1.02,0.0,0.13,0.0,0.0,0.13,0.0,0.35,1.0,0.0,0.0,0.0,0.0,1.0,0.0,1.0,1.0,1.0,0.0,0.0,0.0,0.0,0.0,0.0,0.0,0.0,159,0,5.267,0.98,1,/app/raw_data/subj01_timepoint02.mp4
0.18,0.1,0.0,0.0,0.64,1.98,0.0,1.01,0.9,1.08,0.0,0.09,0.0,0.0,0.23,0.0,0.37,0.0,0.0,0.0,0.0,1.0,1.0,0.0,1.0,1.0,1.0,0.0,0.0,0.0,0.0,0.0,0.0,0.0,0.0,160,0,5.3,0.98,1,/app/raw_data/subj01_timepoint02.mp4
0.21,0.21,0.0,0.0,0.63,2.12,0.0,0.79,0.84,1.28,0.0,0.02,0.0,0.0,0.35,0.0,0.42,0.0,0.0,0.0,0.0,1.0,1.0,0.0,1.0,1.0,1.0,0.0,0.0,0.0,0.0,0.0,0.0,0.0,0.0,161,0,5.332999999999999,0.98,1,/app/raw_data/subj01_timepoint02.mp4
